,y_dep,y_anx,y_sts
0,1,3,3
1,2,2,1
2,4,4,2
3,4,4,3
4,4,4,2
5,4,4,3
6,4,4,3
7,3,1,1
8,0,0,1
9,2,4,2
10,2,1,0
11,2,1,1
12,2,3,2
13,3,3,2
14,0,0,0
15,4,2,2
16,1,2,1
17,0,0,0
18,2,4,3
19,4,0,0
20,0,0,0
21,4,0,0
22,4,4,3
23,4,4,2
24,0,2,2
25,3,3,2
26,0,0,0
27,0,2,2
28,4,4,2
29,2,2,2
30,2,0,0
31,2,4,2
32,4,4,3
33,3,2,0
34,2,4,2
35,4,4,3
36,4,4,3
37,2,0,0
38,4,3,2
39,2,3,3
40,2,4,2
41,4,4,4
42,0,0,0
43,0,0,0
44,3,4,4
45,4,4,3
46,3,3,2
47,2,1,0
48,0,0,0
49,2,2,0
50,4,4,3
51,4,4,4
52,3,0,0
53,2,2,0
54,2,3,3
55,2,4,2
56,1,0,0
57,2,2,0
58,1,2,4
59,4,3,3
60,4,4,3
61,3,0,1
62,4,4,2
63,2,0,0
64,0,0,0
65,2,1,0
66,2,3,2
67,4,3,2
68,4,4,3
69,0,0,0
70,0,0,0
71,2,2,1
72,0,0,0
73,4,2,0
74,3,4,3
75,4,4,4
76,4,0,2
77,2,0,0
78,2,0,0
79,4,4,4
80,4,4,3
81,1,0,0
82,4,4,3
83,4,3,3
84,0,0,0
85,0,0,1
86,3,0,0
87,2,2,0
88,2,4,2
89,3,1,2
90,4,4,3
91,4,4,4
92,4,2,2
93,0,2,0
94,4,4,4
95,4,0,0
96,4,4,4
97,4,4,3
98,2,2,2
99,4,2,3
100,4,4,4
101,4,4,4
102,4,4,3
103,2,4,3
104,2,2,2
105,2,0,0
106,2,3,2
107,3,4,2
108,0,0,0
109,4,4,4
110,1,0,0
111,4,4,4
112,2,0,0
113,3,2,2
114,4,4,4
115,0,0,0
116,0,0,0
117,2,2,0
118,2,2,0
119,4,4,4
120,4,4,4
121,0,0,0
122,2,3,2
123,2,0,1
124,1,2,0
125,4,4,4
126,0,0,0
127,0,1,0
128,4,4,3
129,1,0,0
130,3,3,0
131,2,0,0
132,3,4,3
133,0,0,0
134,3,4,3
135,3,4,3
136,2,3,1
137,4,4,4
138,4,0,0
139,1,3,2
140,2,1,0
141,0,0,2
142,0,0,0
143,0,0,1
144,3,0,3
145,4,2,1
146,4,4,3
147,0,0,0
148,2,2,2
149,1,2,1
150,4,4,3
151,4,4,3
152,0,0,0
153,4,4,4
154,1,0,0
155,2,4,3
156,0,0,0
157,2,4,2
158,4,4,3
159,4,2,0
160,3,1,0
161,2,0,0
162,4,4,3
163,4,4,4
164,3,4,3
165,0,0,0
166,2,3,2
167,2,0,0
168,0,0,0
169,2,4,2
170,3,4,3
171,3,3,3
172,2,0,0
173,2,4,3
174,4,4,3
175,3,4,2
176,4,4,4
177,0,0,0
178,4,4,3
179,0,0,0
180,3,4,3
181,4,4,4
182,2,2,0
183,0,0,0
184,2,2,1
185,4,0,2
186,2,2,1
187,4,4,4
188,0,0,0
189,4,2,4
190,4,4,4
191,2,4,2
192,2,2,0
193,4,4,4
194,2,2,2
195,2,3,1
196,1,0,0
197,4,4,4
198,4,3,3
199,4,4,3
200,4,2,2
201,4,4,3
202,4,3,3
203,0,0,0
204,0,0,0
205,2,1,0
206,4,4,4
207,4,4,3
208,3,2,1
209,4,4,4
210,3,3,3
211,4,3,3
212,4,4,4
213,4,4,4
214,3,2,1
215,3,0,1
216,2,2,2
217,0,0,0
218,2,3,2
219,4,4,4
220,2,2,0
221,4,4,4
222,3,4,2
223,4,4,2
224,3,0,0
225,4,4,4
226,0,0,0
227,4,4,3
228,3,4,2
229,2,3,2
230,3,3,3
231,0,0,0
232,0,2,0
233,2,2,2
234,2,3,1
235,4,4,4
236,2,2,0
237,3,2,1
238,2,3,2
239,1,0,0
240,2,2,0
241,3,3,2
242,3,2,2
243,0,0,1
244,4,4,4
245,2,0,2
246,0,0,0
247,2,4,4
248,4,4,3
249,0,0,0
250,2,2,0
251,4,0,0
252,2,2,3
253,4,4,3
254,0,0,0
255,4,4,4
256,4,3,3
257,2,3,2
258,2,3,2
259,4,4,2
260,3,2,1
261,2,4,2
262,3,0,2
263,0,0,0
264,1,0,0
265,1,0,0
266,4,4,2
267,4,0,1
268,2,2,2
269,0,2,0
270,4,4,3
271,4,4,4
272,4,4,3
273,0,0,0
274,1,0,0
275,3,2,4
276,0,1,1
277,4,3,2
278,4,4,4
279,0,0,0
280,0,0,0
281,4,4,4
282,1,0,2
283,4,4,4
284,2,3,2
285,4,0,2
286,3,0,1
287,2,0,0
288,2,2,0
289,2,2,1
290,4,4,2
291,3,1,2
292,4,4,3
293,4,4,3
294,2,4,3
295,3,4,4
296,4,4,4
297,0,0,0
298,4,2,3
299,0,0,0
300,2,0,0
301,2,2,1
302,4,4,3
303,0,2,2
304,4,4,4
305,4,4,3
306,0,0,0
307,4,4,4
308,1,2,2
309,2,2,2
310,1,0,0
311,0,0,0
312,3,2,3
313,3,0,0
314,1,0,0
315,0,1,0
316,2,1,2
317,4,3,2
318,2,3,2
319,4,2,2
320,3,4,0
321,0,2,0
322,0,2,0
323,0,0,0
324,3,4,3
325,2,2,1
326,4,4,4
327,1,0,0
328,2,3,2
329,2,1,0
330,2,3,2
331,4,4,3
332,0,0,0
333,0,0,0
334,2,4,2
335,4,3,2
336,0,2,1
337,2,2,1
338,1,0,0
339,0,0,0
340,0,0,0
341,4,2,0
342,0,0,0
343,2,4,2
344,1,2,0
345,4,4,3
346,4,3,3
347,4,4,2
348,4,4,4
349,0,0,0
350,3,2,2
351,3,0,0
352,4,2,2
353,3,3,2
354,2,1,0
355,0,0,0
356,0,0,0
357,1,4,4
358,4,4,4
359,4,4,4
360,2,0,3
361,3,4,3
362,1,1,1
363,4,1,2
364,0,3,2
365,4,0,3
366,0,0,0
367,1,0,0
368,4,2,3
369,3,4,2
370,0,0,0
371,4,1,3
372,2,4,2
373,3,4,3
374,4,4,4
375,2,1,0
376,2,2,1
377,2,1,3
378,0,0,0
379,3,3,2
380,4,2,2
381,4,4,3
382,4,4,3
383,4,4,4
384,1,0,0
385,2,0,0
386,3,4,4
387,4,4,3
388,4,4,3
389,2,0,0
390,0,0,0
391,0,0,0
392,4,4,3
393,4,4,4
394,4,4,4
395,2,3,1
396,0,3,2
397,0,0,0
398,4,2,2
399,3,3,2
400,4,4,4
401,0,2,0
402,3,4,2
403,2,0,1
404,4,4,4
405,0,0,0
406,3,2,2
407,3,4,2
408,4,4,3
409,4,4,4
410,4,4,3
411,4,2,1
412,4,2,2
413,4,4,4
414,4,0,1
415,0,0,0
416,4,3,3
417,0,1,0
418,0,0,0
419,4,4,3
420,4,4,3
421,2,3,2
422,0,0,0
423,0,0,0
424,0,0,0
425,0,0,0
426,4,2,2
427,2,1,2
428,4,4,3
429,4,4,4
430,2,2,1
431,0,3,1
432,2,3,3
433,4,4,3
434,4,4,4
435,3,0,0
436,4,0,2
437,3,4,2
438,4,4,2
439,4,4,4
440,2,0,0
441,2,4,3
442,3,1,1
443,0,0,0
444,3,3,1
445,0,0,0
446,4,4,4
447,0,0,0
448,2,2,2
449,0,2,0
450,0,0,0
451,3,2,2
452,0,2,1
453,2,0,2
454,1,4,2
455,3,0,2
456,3,3,3
457,1,0,2
458,1,2,0
459,0,2,1
460,3,4,3
461,3,3,2
462,3,2,0
463,0,0,0
464,4,3,3
465,0,0,0
466,4,4,4
467,4,4,4
468,2,0,0
469,4,4,4
470,2,2,3
471,4,4,3
472,4,0,0
473,4,3,3
474,0,1,0
475,1,3,2
476,3,3,2
477,3,0,2
478,4,4,2
479,2,4,3
480,4,3,3
481,2,0,0
482,2,2,1
483,0,2,1
484,0,0,0
485,4,4,3
486,2,0,0
487,4,4,3
488,4,4,3
489,2,3,1
490,4,4,4
491,0,3,2
492,2,2,0
493,0,2,0
494,0,0,0
495,3,2,2
496,0,0,0
497,3,0,2
498,4,4,1
499,0,0,0
500,4,2,2
501,0,0,4
502,2,2,0
503,4,4,3
504,2,2,0
505,2,2,1
506,2,0,0
507,3,3,2
508,2,2,0
509,0,0,0
510,4,4,4
511,4,4,3
512,3,0,0
513,2,3,2
514,0,0,0
515,2,4,3
516,0,1,0
517,2,4,2
518,0,0,0
519,1,3,2
520,2,3,2
521,2,2,2
522,0,0,0
523,4,4,3
524,4,4,4
525,2,3,2
526,2,4,2
527,4,3,3
528,3,2,1
529,3,4,3
530,2,2,2
531,4,4,3
532,0,0,0
533,3,3,2
534,3,0,2
535,3,2,2
536,0,2,1
537,2,4,2
538,3,2,1
539,3,4,3
540,4,4,4
541,1,3,2
542,4,0,0
543,4,4,3
544,2,2,2
545,0,0,0
546,0,0,0
547,4,4,3
548,1,0,0
549,3,4,3
550,3,4,2
551,2,1,1
552,0,0,0
553,0,0,0
554,4,4,4
555,3,3,2
556,4,4,4
557,4,0,1
558,4,3,4
559,4,4,3
560,2,2,1
561,0,2,0
562,2,4,3
563,1,2,0
564,2,0,2
565,4,4,2
566,4,4,4
567,3,3,2
568,3,3,3
569,2,2,1
570,1,4,2
571,1,3,0
572,4,3,3
573,0,0,0
574,2,3,2
575,2,4,2
576,0,0,0
577,3,2,0
578,3,0,0
579,0,0,0
580,2,0,0
581,2,3,2
582,4,2,2
583,4,4,4
584,2,3,1
585,2,0,0
586,2,2,1
587,3,3,3
588,4,4,3
589,0,0,0
590,4,4,4
591,2,1,2
592,0,0,1
593,2,0,2
594,4,4,3
595,1,2,1
596,2,2,0
597,0,2,0
598,3,4,2
599,3,3,2
600,3,2,2
601,3,4,2
602,4,4,4
603,4,4,3
604,3,3,0
605,3,3,2
606,0,2,1
607,3,4,2
608,3,2,2
609,3,0,2
610,0,4,1
611,0,0,0
612,3,2,3
613,0,1,0
614,0,0,0
615,4,4,2
616,0,0,0
617,2,4,3
618,0,0,0
619,2,2,2
620,2,2,1
621,0,2,0
622,4,4,4
623,4,4,3
624,4,4,3
625,0,1,1
626,4,4,4
627,0,0,0
628,2,2,1
629,2,3,2
630,2,3,1
631,4,4,2
632,2,4,2
633,4,3,3
634,3,0,2
635,4,4,3
636,4,2,3
637,2,4,2
638,1,1,0
639,4,4,4
640,4,3,4
641,0,0,0
642,4,4,4
643,2,2,1
644,2,0,0
645,0,0,0
646,0,1,2
647,1,2,1
648,1,0,0
649,2,0,0
650,3,1,2
651,0,0,0
652,0,0,0
653,0,0,0
654,0,3,3
655,3,3,2
656,4,3,2
657,2,1,1
658,0,0,0
659,2,0,0
660,0,0,0
661,1,1,1
662,3,3,1
663,4,4,4
664,2,0,0
665,4,4,4
666,2,4,2
667,0,0,0
668,2,0,1
669,4,2,0
670,2,2,1
671,1,0,0
672,2,3,1
673,1,4,2
674,1,4,2
675,4,2,3
676,4,4,4
677,0,0,0
678,4,2,1
679,2,3,2
680,4,3,2
681,3,3,2
682,4,4,4
683,4,4,4
684,0,0,0
685,4,3,3
686,4,2,0
687,3,4,3
688,0,0,0
689,0,0,0
690,0,0,0
691,2,2,2
692,3,4,2
693,4,2,2
694,0,0,0
695,0,0,0
696,0,0,0
697,4,2,3
698,0,0,0
699,4,4,2
700,2,3,1
701,4,2,3
702,0,0,0
703,4,4,4
704,2,2,2
705,0,0,0
706,3,3,2
707,3,3,2
708,3,1,2
709,3,4,3
710,2,4,3
711,4,4,4
712,4,4,4
713,3,4,3
714,1,0,0
715,0,0,0
716,4,4,4
717,4,4,2
718,3,4,2
719,2,4,2
720,0,0,1
721,0,2,0
722,0,0,0
723,4,4,4
724,4,0,2
725,0,0,0
726,0,1,0
727,4,2,3
728,0,1,0
729,3,4,3
730,4,4,4
731,3,4,2
732,0,0,0
733,4,4,2
734,1,0,0
735,4,4,2
736,0,0,0
737,0,0,0
738,3,0,0
739,2,2,2
740,4,4,4
741,4,4,3
742,4,4,3
743,0,0,0
744,4,4,4
745,2,2,2
746,4,4,3
747,4,4,3
748,2,2,1
749,4,3,2
750,3,4,2
751,4,4,4
752,2,3,0
753,4,4,3
754,2,4,2
755,4,4,3
756,0,0,0
757,3,2,1
758,4,4,4
759,2,2,0
760,0,0,0
761,2,3,2
762,3,4,3
763,1,0,0
764,1,0,0
765,0,0,0
766,0,0,0
767,4,4,4
768,0,0,0
769,3,0,1
770,0,4,2
771,4,2,3
772,3,3,3
773,4,4,4
774,0,2,0
775,4,4,4
776,3,2,2
777,4,3,2
778,4,4,4
779,4,4,4
780,4,3,2
781,2,3,2
782,4,4,4
783,2,0,0
784,2,0,0
785,0,0,0
786,3,3,3
787,0,0,0
788,4,4,3
789,3,4,2
790,4,4,3
791,0,0,0
792,0,0,0
793,0,0,0
794,0,0,0
795,0,0,1
796,3,3,2
797,4,4,4
798,4,3,3
799,2,3,1
800,4,2,3
801,2,0,0
802,4,2,1
803,4,4,4
804,2,2,1
805,2,4,3
806,3,3,2
807,2,2,1
808,2,2,0
809,2,3,3
810,4,3,2
811,4,2,2
812,0,0,0
813,2,4,2
814,2,2,1
815,4,0,0
816,4,3,3
817,4,4,2
818,0,0,1
819,3,3,2
820,3,0,0
821,0,0,0
822,4,3,2
823,2,4,3
824,0,0,0
825,4,4,4
826,0,0,0
827,4,3,3
828,0,0,0
829,3,3,2
830,2,0,1
831,2,2,2
832,2,3,0
833,4,4,4
834,4,4,4
835,4,4,2
836,3,3,2
837,1,0,0
838,2,2,1
839,4,4,4
840,0,0,0
841,4,4,3
842,2,2,1
843,4,1,1
844,4,4,2
845,4,4,3
846,4,4,4
847,4,4,4
848,4,4,4
849,4,4,3
850,2,2,1
851,1,3,2
852,2,4,3
853,2,0,0
854,3,2,1
855,3,2,2
856,0,0,0
857,3,3,2
858,1,2,0
859,4,3,1
860,0,0,0
861,4,4,4
862,4,4,1
863,3,0,2
864,4,4,3
865,0,0,0
866,4,4,4
867,4,3,2
868,2,0,0
869,2,0,0
870,0,3,3
871,0,1,0
872,4,4,2
873,2,4,4
874,0,4,3
875,1,0,0
876,0,0,0
877,3,4,3
878,4,4,3
879,4,4,3
880,3,2,2
881,0,2,1
882,4,4,3
883,4,1,1
884,0,0,0
885,0,2,0
886,4,2,3
887,4,0,1
888,4,4,3
889,3,4,2
890,1,0,0
891,4,3,2
892,0,0,0
893,0,0,0
894,0,0,0
895,1,1,0
896,4,4,4
897,0,0,0
898,2,3,2
899,3,4,2
900,2,2,1
901,4,4,4
902,2,3,2
903,4,0,3
904,4,4,4
905,2,4,1
906,4,4,3
907,4,3,2
908,0,0,1
909,4,4,4
910,0,1,2
911,0,0,0
912,0,0,0
913,0,0,2
914,2,2,0
915,4,4,4
916,4,4,3
917,4,4,3
918,4,4,3
919,1,0,0
920,2,3,2
921,4,3,2
922,0,0,0
923,0,0,0
924,0,0,0
925,3,0,0
926,2,2,1
927,4,3,2
928,4,4,3
929,4,4,3
930,3,4,2
931,2,4,2
932,0,0,0
933,3,1,2
934,2,3,2
935,2,3,1
936,4,3,3
937,1,2,2
938,1,1,0
939,4,4,2
940,4,4,3
941,0,3,1
942,0,0,0
943,0,0,0
944,2,0,0
945,3,2,2
946,2,1,0
947,2,4,4
948,4,0,0
949,2,4,3
950,4,4,3
951,0,0,0
952,2,0,1
953,4,1,2
954,3,2,2
955,4,4,4
956,1,4,2
957,1,0,0
958,0,0,0
959,4,4,4
960,3,3,2
961,4,1,2
962,4,4,4
963,2,2,1
964,0,0,0
965,3,2,4
966,4,4,3
967,4,4,4
968,3,3,0
969,2,0,2
970,2,4,3
971,2,2,0
972,4,4,3
973,4,2,2
974,4,4,3
975,4,4,4
976,2,4,1
977,4,1,2
978,0,0,0
979,4,3,2
980,1,0,0
981,0,0,0
982,3,0,1
983,4,4,2
984,0,0,0
985,4,4,4
986,1,0,0
987,2,0,0
988,3,4,3
989,0,2,1
990,2,4,3
991,3,0,2
992,2,0,0
993,4,2,2
994,3,1,0
995,4,3,2
996,0,0,1
997,3,2,1
998,4,4,2
999,4,3,3
1000,3,4,4
1001,1,2,1
1002,3,4,3
1003,0,0,2
1004,0,0,0
1005,4,4,4
1006,4,4,3
1007,4,4,3
1008,2,4,3
1009,0,0,0
1010,2,2,1
1011,3,4,4
1012,2,3,2
1013,1,4,1
1014,4,3,3
1015,0,0,0
1016,4,4,4
1017,4,4,4
1018,3,0,3
1019,4,4,4
1020,0,0,0
1021,4,4,3
1022,2,4,3
1023,1,0,0
1024,0,0,0
1025,4,2,4
1026,3,4,2
1027,1,0,0
1028,0,0,0
1029,1,4,3
1030,4,4,3
1031,4,4,4
1032,1,0,0
1033,4,4,4
1034,2,3,2
1035,2,2,1
1036,4,4,4
1037,0,2,3
1038,0,0,0
1039,4,4,4
1040,0,0,0
1041,2,3,0
1042,0,1,0
1043,2,2,0
1044,0,3,2
1045,3,4,3
1046,4,2,2
1047,4,2,3
1048,4,4,4
1049,4,4,4
1050,2,2,2
1051,4,0,0
1052,2,2,3
1053,4,4,3
1054,4,4,4
1055,4,4,2
1056,2,2,2
1057,1,0,0
1058,4,2,1
1059,2,4,2
1060,4,4,4
1061,4,4,4
1062,2,2,2
1063,4,0,0
1064,4,4,4
1065,2,3,2
1066,3,2,0
1067,1,3,2
1068,4,4,3
1069,2,0,0
1070,4,2,3
1071,2,2,0
1072,3,4,4
1073,0,0,1
1074,2,4,2
1075,3,4,3
1076,2,0,0
1077,2,2,0
1078,3,4,4
1079,4,4,4
1080,3,2,3
1081,1,0,0
1082,4,4,4
1083,4,4,2
1084,3,4,4
1085,0,0,0
1086,4,2,2
1087,4,4,4
1088,2,2,1
1089,2,2,0
1090,1,2,0
1091,0,0,0
1092,0,1,0
1093,3,4,3
1094,2,0,0
1095,4,4,4
1096,4,3,2
1097,0,1,0
1098,2,2,2
1099,3,3,0
1100,0,2,1
1101,4,4,4
1102,0,4,3
1103,0,0,0
1104,0,0,2
1105,4,4,3
1106,0,0,0
1107,1,4,1
1108,2,2,0
1109,4,2,2
1110,2,0,0
1111,3,0,0
1112,0,0,0
1113,2,3,2
1114,0,2,0
1115,4,2,3
1116,4,4,2
1117,4,4,4
1118,4,0,2
1119,0,0,0
1120,4,4,4
1121,0,0,0
1122,2,4,2
1123,1,4,2
1124,4,4,3
1125,0,2,0
1126,4,4,3
1127,4,4,2
1128,4,2,2
1129,0,0,0
1130,2,0,0
1131,2,0,0
1132,1,0,0
1133,4,2,4
1134,2,0,0
1135,0,0,0
1136,4,3,2
1137,0,2,1
1138,0,2,0
1139,1,3,0
1140,4,2,2
1141,2,3,2
1142,4,4,3
1143,0,0,0
1144,0,0,0
1145,4,2,2
1146,2,4,3
1147,3,1,1
1148,4,3,2
1149,4,4,4
1150,0,0,0
1151,3,4,2
1152,4,3,2
1153,4,4,4
1154,0,0,0
1155,4,4,4
1156,0,0,0
1157,4,4,4
1158,4,4,4
1159,1,3,2
1160,4,2,3
1161,0,1,0
1162,2,1,0
1163,4,3,4
1164,3,0,1
1165,0,0,0
1166,1,3,4
1167,4,3,3
1168,0,3,3
1169,3,2,1
1170,1,2,1
1171,3,4,2
1172,2,2,2
1173,4,4,4
1174,4,4,4
1175,3,4,2
1176,2,2,0
1177,4,4,4
1178,4,4,4
1179,4,4,4
1180,4,4,2
1181,0,0,0
1182,0,0,0
1183,2,3,2
1184,2,2,2
1185,0,3,0
1186,0,2,2
1187,0,0,0
1188,0,0,0
1189,0,0,0
1190,3,2,2
1191,4,4,3
1192,0,0,0
1193,2,4,2
1194,1,0,1
1195,0,0,0
1196,3,3,3
1197,2,4,2
1198,3,0,0
1199,4,3,3
1200,4,4,3
1201,2,4,3
1202,2,0,0
1203,2,0,0
1204,1,0,0
1205,4,4,4
1206,3,4,3
1207,0,3,1
1208,4,4,4
1209,0,0,1
1210,0,2,1
1211,4,4,4
1212,2,4,3
1213,0,0,0
1214,2,4,3
1215,4,4,4
1216,4,2,1
1217,3,3,2
1218,4,2,3
1219,4,4,2
1220,0,0,0
1221,4,0,2
1222,4,1,0
1223,3,0,2
1224,4,3,1
1225,4,4,4
1226,4,3,0
1227,4,4,3
1228,1,0,0
1229,3,4,3
1230,2,2,0
1231,0,0,0
1232,4,4,4
1233,2,0,3
1234,3,4,3
1235,1,4,2
1236,0,0,0
1237,0,2,0
1238,0,0,0
1239,0,0,0
1240,3,3,2
1241,2,3,1
1242,0,0,0
1243,4,3,2
1244,0,0,0
1245,3,4,3
1246,0,0,0
1247,2,2,1
1248,2,4,2
1249,1,0,0
1250,4,4,2
1251,1,0,0
1252,2,0,1
1253,2,2,1
1254,3,4,2
1255,4,4,2
1256,0,0,0
1257,3,3,3
1258,0,0,0
1259,4,4,4
1260,4,0,0
1261,2,0,2
1262,4,4,4
1263,4,2,3
1264,2,2,3
1265,2,3,3
1266,4,4,3
1267,4,4,3
1268,4,0,0
1269,0,0,0
1270,0,0,0
1271,3,1,1
1272,3,2,0
1273,4,2,0
1274,0,0,0
1275,2,2,0
1276,3,2,1
1277,3,4,0
1278,1,4,3
1279,2,4,2
1280,2,4,3
1281,4,1,2
1282,0,0,0
1283,4,4,3
1284,4,4,3
1285,0,0,0
1286,0,0,0
1287,0,0,0
1288,0,0,0
1289,0,0,0
1290,4,4,4
1291,0,0,0
1292,4,4,3
1293,0,2,0
1294,4,4,3
1295,2,1,0
1296,4,4,3
1297,3,4,3
1298,3,4,2
1299,0,0,0
1300,0,0,0
1301,4,4,4
1302,4,4,4
1303,4,4,3
1304,3,4,2
1305,4,4,4
1306,4,2,0
1307,4,4,4
1308,2,2,1
1309,0,0,0
1310,2,2,2
1311,0,0,0
1312,4,4,4
1313,4,4,3
1314,0,0,0
1315,1,3,2
1316,1,0,0
1317,0,0,0
1318,1,3,2
1319,1,3,2
1320,0,0,0
1321,4,2,2
1322,3,2,2
1323,4,4,3
1324,4,4,4
1325,4,4,3
1326,1,1,0
1327,2,3,1
1328,4,4,4
1329,2,4,1
1330,4,4,2
1331,0,0,0
1332,2,4,4
1333,4,4,4
1334,0,2,0
1335,4,4,3
1336,4,4,4
1337,4,4,3
1338,2,2,1
1339,4,1,1
1340,0,2,0
1341,4,4,4
1342,2,3,1
1343,3,0,0
1344,3,0,2
1345,2,2,2
1346,2,2,0
1347,3,0,0
1348,1,2,0
1349,3,0,3
1350,2,2,0
1351,3,2,2
1352,2,2,0
1353,4,4,4
1354,3,4,2
1355,2,4,3
1356,0,4,3
1357,4,4,4
1358,0,0,0
1359,2,2,2
1360,1,0,0
1361,2,3,3
1362,2,1,2
1363,4,2,2
1364,4,4,4
1365,4,4,4
1366,2,2,0
1367,3,4,3
1368,0,0,0
1369,0,0,0
1370,1,4,3
1371,2,0,0
1372,4,4,3
1373,2,3,2
1374,1,0,0
1375,4,4,4
1376,0,0,0
1377,0,0,0
1378,2,0,2
1379,3,4,4
1380,2,2,1
1381,4,4,4
1382,4,2,0
1383,0,0,0
1384,0,0,0
1385,0,0,0
1386,4,4,4
1387,4,2,2
1388,2,4,3
1389,2,3,1
1390,3,4,2
1391,0,0,0
1392,0,0,0
1393,4,4,1
1394,1,0,0
1395,0,2,2
1396,2,2,1
1397,4,4,2
1398,2,0,0
1399,4,2,3
1400,3,4,3
1401,1,0,0
1402,2,0,1
1403,2,2,2
1404,0,0,0
1405,3,0,2
1406,4,4,3
1407,2,2,3
1408,0,3,0
1409,4,4,4
1410,4,0,3
1411,0,0,0
1412,2,2,2
1413,2,2,2
1414,0,0,0
1415,1,4,2
1416,0,0,0
1417,0,0,1
1418,4,4,4
1419,4,2,4
1420,2,0,0
1421,0,0,0
1422,4,4,4
1423,4,2,2
1424,2,2,0
1425,3,4,3
1426,4,4,3
1427,2,0,2
1428,0,4,2
1429,2,0,1
1430,4,2,0
1431,3,4,4
1432,3,0,1
1433,4,2,3
1434,4,4,3
1435,2,3,3
1436,4,4,3
1437,0,0,2
1438,0,0,0
1439,4,4,3
1440,2,4,2
1441,0,0,0
1442,0,0,0
1443,4,4,4
1444,0,0,0
1445,0,0,0
1446,2,0,2
1447,2,0,0
1448,4,4,4
1449,0,2,0
1450,0,0,0
1451,3,3,2
1452,2,2,1
1453,4,4,3
1454,0,3,1
1455,2,2,2
1456,3,3,0
1457,4,4,3
1458,2,4,2
1459,2,2,1
1460,3,0,0
1461,4,4,3
1462,0,2,0
1463,4,3,3
1464,2,0,0
1465,0,0,0
1466,4,4,3
1467,2,3,1
1468,0,3,2
1469,4,4,3
1470,2,4,2
1471,2,2,0
1472,4,4,4
1473,0,0,1
1474,0,2,0
1475,4,0,1
1476,2,1,0
1477,0,0,0
1478,3,4,0
1479,0,0,0
1480,4,3,3
1481,4,4,4
1482,1,4,2
1483,0,0,0
1484,0,2,1
1485,1,2,0
1486,2,2,2
1487,2,2,1
1488,4,4,4
1489,4,4,4
1490,4,4,4
1491,4,4,4
1492,3,2,2
1493,3,4,2
1494,2,4,2
1495,4,4,3
1496,3,1,1
1497,0,2,0
1498,0,0,0
1499,4,4,4
1500,0,0,0
1501,4,0,3
1502,4,2,3
1503,4,4,4
1504,2,2,1
1505,3,3,1
1506,2,3,1
1507,4,4,3
1508,3,4,2
1509,4,1,3
1510,2,2,0
1511,2,3,2
1512,0,3,1
1513,0,3,1
1514,0,0,0
1515,0,0,0
1516,4,3,3
1517,4,4,4
1518,2,0,1
1519,4,0,1
1520,0,2,0
1521,2,2,1
1522,1,1,0
1523,0,0,0
1524,4,4,3
1525,3,2,0
1526,3,4,3
1527,3,3,2
1528,3,3,2
1529,3,4,3
1530,4,4,4
1531,2,2,0
1532,0,3,2
1533,1,1,0
1534,4,4,3
1535,1,2,0
1536,4,4,4
1537,4,4,2
1538,4,4,3
1539,3,3,2
1540,3,2,2
1541,4,2,0
1542,4,4,4
1543,4,4,0
1544,4,4,4
1545,4,4,3
1546,3,3,1
1547,2,0,0
1548,3,2,4
1549,0,0,0
1550,0,0,0
1551,3,4,2
1552,1,0,2
1553,0,2,1
1554,0,0,0
1555,0,0,0
1556,4,4,3
1557,2,2,2
1558,2,4,4
1559,3,2,0
1560,4,4,4
1561,2,0,0
1562,0,0,0
1563,3,4,3
1564,4,0,2
1565,0,0,0
1566,3,2,3
1567,2,2,2
1568,1,0,0
1569,4,3,2
1570,2,3,2
1571,2,4,2
1572,4,4,4
1573,4,0,1
1574,0,4,1
1575,2,0,0
1576,2,2,3
1577,4,4,4
1578,4,0,2
1579,4,4,3
1580,0,0,0
1581,0,2,1
1582,4,3,2
1583,0,0,0
1584,2,2,1
1585,3,2,2
1586,4,4,4
1587,0,2,3
1588,4,4,4
1589,0,0,0
1590,1,2,2
1591,4,1,0
1592,4,4,4
1593,0,0,0
1594,2,0,0
1595,4,4,3
1596,2,2,0
1597,4,3,3
1598,1,0,2
1599,0,0,0
1600,4,4,3
1601,4,4,4
1602,4,4,4
1603,4,3,2
1604,0,0,0
1605,4,4,3
1606,0,0,0
1607,4,4,4
1608,4,2,2
1609,3,4,2
1610,4,2,3
1611,3,4,0
1612,0,0,0
1613,4,4,2
1614,0,0,0
1615,2,2,2
1616,2,0,1
1617,3,2,2
1618,4,4,3
1619,0,0,0
1620,0,0,0
1621,2,0,2
1622,2,0,0
1623,0,0,2
1624,0,2,0
1625,3,2,3
1626,2,3,3
1627,3,4,3
1628,0,0,0
1629,2,3,2
1630,4,2,1
1631,0,0,0
1632,0,0,0
1633,4,4,3
1634,2,2,3
1635,4,4,3
1636,2,0,0
1637,3,0,1
1638,0,0,0
1639,2,3,2
1640,2,0,0
1641,3,4,2
1642,2,2,1
1643,3,4,4
1644,3,0,1
1645,2,2,1
1646,4,4,3
1647,0,0,0
1648,2,4,2
1649,4,4,3
1650,0,0,0
1651,3,4,2
1652,3,4,2
1653,4,4,4
1654,4,4,4
1655,4,4,4
1656,4,4,3
1657,0,0,0
1658,4,4,4
1659,4,4,4
1660,0,2,0
1661,4,3,2
1662,3,2,2
1663,4,4,3
1664,3,0,0
1665,1,2,0
1666,1,0,0
1667,0,0,0
1668,0,0,2
1669,0,0,0
1670,0,0,0
1671,2,2,1
1672,0,2,1
1673,3,2,0
1674,2,3,2
1675,2,2,0
1676,4,4,3
1677,4,3,2
1678,1,0,1
1679,0,0,0
1680,2,3,3
1681,0,0,0
1682,4,4,4
1683,2,1,2
1684,2,4,3
1685,4,4,3
1686,2,0,0
1687,2,3,2
1688,0,0,0
1689,4,4,3
1690,0,0,0
1691,2,3,2
1692,0,2,0
1693,1,0,0
1694,2,0,0
1695,4,4,2
1696,3,2,3
1697,4,0,0
1698,2,3,2
1699,4,2,1
1700,4,4,4
1701,0,0,0
1702,2,2,0
1703,4,4,3
1704,4,0,0
1705,0,0,0
1706,4,4,4
1707,4,4,3
1708,4,4,3
1709,1,0,0
1710,4,4,4
1711,0,0,0
1712,4,4,4
1713,4,0,1
1714,2,2,1
1715,0,0,0
1716,3,4,3
1717,2,4,2
1718,0,0,1
1719,3,0,0
1720,3,0,0
1721,3,4,3
1722,0,1,0
1723,4,4,2
1724,0,0,0
1725,2,2,0
1726,0,0,0
1727,0,0,0
1728,3,4,2
1729,0,2,2
1730,3,2,2
1731,4,4,3
1732,0,0,0
1733,0,0,0
1734,0,0,0
1735,4,4,4
1736,4,2,1
1737,4,4,4
1738,2,4,1
1739,3,0,0
1740,4,4,3
1741,1,2,1
1742,0,0,0
1743,2,4,2
1744,3,1,2
1745,4,4,4
1746,2,1,0
1747,3,3,2
1748,4,4,4
1749,4,2,1
1750,4,4,4
1751,2,4,2
1752,3,4,3
1753,4,2,0
1754,4,4,3
1755,2,3,2
1756,2,4,2
1757,0,0,2
1758,4,4,4
1759,3,2,2
1760,4,3,3
1761,3,3,2
1762,2,0,0
1763,2,3,2
1764,0,0,0
1765,0,2,0
1766,2,4,2
1767,4,4,3
1768,3,0,0
1769,0,0,2
1770,4,4,3
1771,4,4,4
1772,0,0,0
1773,0,0,0
1774,0,2,0
1775,4,4,3
1776,0,2,0
1777,4,3,2
1778,0,0,0
1779,2,0,0
1780,0,0,0
1781,4,3,3
1782,2,0,0
1783,0,0,0
1784,2,0,0
1785,0,0,0
1786,4,4,4
1787,4,0,4
1788,4,2,3
1789,4,4,4
1790,3,4,3
1791,4,4,3
1792,3,0,0
1793,4,4,4
1794,4,0,0
1795,0,0,0
1796,4,2,0
1797,2,2,2
1798,2,3,2
1799,4,4,3
1800,3,3,2
1801,3,4,4
1802,0,3,0
1803,4,4,4
1804,4,3,3
1805,0,4,3
1806,2,3,1
1807,2,4,2
1808,4,2,1
1809,4,4,2
1810,4,3,3
1811,4,3,2
1812,4,4,3
1813,2,0,0
1814,0,4,4
1815,4,4,4
1816,0,0,0
1817,3,3,2
1818,4,2,1
1819,2,2,1
1820,4,4,4
1821,0,0,0
1822,3,4,2
1823,4,4,2
1824,3,0,0
1825,4,2,2
1826,3,3,3
1827,0,0,0
1828,3,3,3
1829,0,0,0
1830,2,2,1
1831,4,4,4
1832,4,4,3
1833,0,2,2
1834,4,4,4
1835,0,0,0
1836,2,2,4
1837,0,0,0
1838,4,4,4
1839,4,4,4
1840,3,1,2
1841,0,0,0
1842,3,2,1
1843,0,2,0
1844,3,3,3
1845,1,4,3
1846,0,0,0
1847,0,0,0
1848,3,0,0
1849,4,4,4
1850,0,2,2
1851,0,0,0
1852,2,4,3
1853,0,0,1
1854,4,4,4
1855,0,0,0
1856,4,4,2
1857,3,4,3
1858,2,0,2
1859,0,0,0
1860,4,4,3
1861,2,3,2
1862,0,0,0
1863,0,2,0
1864,2,0,4
1865,3,2,2
1866,0,0,0
1867,3,2,2
1868,3,4,3
1869,2,0,0
1870,4,4,4
1871,4,4,3
1872,0,0,0
1873,3,4,3
1874,4,0,1
1875,2,0,0
1876,0,2,0
1877,4,4,4
1878,4,3,2
1879,2,2,2
1880,4,4,4
1881,3,4,2
1882,3,0,1
1883,4,0,2
1884,4,4,3
1885,2,0,0
1886,0,0,0
1887,4,0,0
1888,0,0,0
1889,0,0,0
1890,0,0,0
1891,0,1,0
1892,4,3,3
1893,4,2,3
1894,3,4,3
1895,3,4,3
1896,2,4,4
1897,4,4,4
1898,3,4,3
1899,2,2,1
1900,2,3,0
1901,0,0,0
1902,4,4,4
1903,0,0,0
1904,0,0,0
1905,3,4,2
1906,4,4,4
1907,0,0,0
1908,2,4,3
1909,4,4,3
1910,2,4,3
1911,1,0,0
1912,0,1,0
1913,4,4,2
1914,4,4,2
1915,4,2,1
1916,3,3,3
1917,0,0,0
1918,0,2,1
1919,0,0,0
1920,0,0,0
1921,0,0,0
1922,1,2,1
1923,2,4,3
1924,2,4,4
1925,2,2,0
1926,0,0,0
1927,4,4,4
1928,3,4,3
1929,3,4,3
1930,3,4,2
1931,4,3,3
1932,4,4,4
1933,3,1,1
1934,4,3,3
1935,2,2,2
1936,4,4,4
1937,0,1,0
1938,2,1,0
1939,0,0,0
1940,4,4,4
1941,0,0,0
1942,0,0,0
1943,3,2,2
1944,0,1,0
1945,2,3,2
1946,4,4,3
1947,4,3,3
1948,0,0,0
1949,3,4,2
1950,2,2,0
1951,4,4,2
1952,0,0,0
1953,2,0,0
1954,4,2,1
1955,4,3,2
1956,3,4,3
1957,3,1,2
1958,4,3,3
1959,1,0,0
1960,0,0,0
1961,0,2,0
1962,0,2,1
1963,4,0,0
1964,0,0,0
1965,4,4,4
1966,3,2,2
1967,3,3,2
1968,0,2,2
1969,4,4,4
1970,0,0,0
1971,2,2,0
1972,4,4,3
1973,4,2,2
1974,0,2,0
1975,0,0,0
1976,0,0,0
1977,2,2,2
1978,4,1,2
1979,0,0,0
1980,2,0,0
1981,4,3,2
1982,4,0,2
1983,2,0,0
1984,1,0,0
1985,2,4,2
1986,2,0,1
1987,4,4,2
1988,2,2,1
1989,2,2,1
1990,4,4,4
1991,0,0,0
1992,1,3,1
1993,3,4,3
1994,0,2,0
1995,2,0,1
1996,4,4,4
1997,4,3,2
1998,0,0,0
1999,2,4,4
2000,0,0,0
2001,4,0,2
2002,0,2,0
2003,2,3,2
2004,4,4,4
2005,4,3,3
2006,0,0,0
2007,4,3,3
2008,3,4,3
2009,1,2,1
2010,0,2,0
2011,4,4,3
2012,4,4,3
2013,4,4,4
2014,2,3,1
2015,3,4,3
2016,4,4,4
2017,0,0,0
2018,0,0,0
2019,2,4,2
2020,2,2,0
2021,0,0,0
2022,4,0,3
2023,1,0,0
2024,4,4,3
2025,4,4,3
2026,2,4,4
2027,2,4,3
2028,0,0,0
2029,3,4,3
2030,4,4,2
2031,4,4,3
2032,4,2,2
2033,3,0,2
2034,4,4,3
2035,2,3,2
2036,4,4,3
2037,3,2,2
2038,0,1,0
2039,2,2,1
2040,0,0,1
2041,4,4,3
2042,0,0,0
2043,4,4,3
2044,2,1,0
2045,0,0,0
2046,4,4,4
2047,2,3,2
2048,3,2,0
2049,0,0,0
2050,4,4,3
2051,2,0,0
2052,0,0,1
2053,0,2,0
2054,2,0,0
2055,2,2,2
2056,0,0,0
2057,2,0,0
2058,0,0,0
2059,2,3,2
2060,4,3,3
2061,4,4,3
2062,2,4,2
2063,0,0,0
2064,4,4,4
2065,2,2,1
2066,2,3,2
2067,4,3,3
2068,2,3,2
2069,4,4,3
2070,0,0,2
2071,4,0,2
2072,3,4,3
2073,0,0,0
2074,1,4,3
2075,2,3,2
2076,2,3,2
2077,4,4,3
2078,2,0,1
2079,4,4,4
2080,0,0,1
2081,0,0,0
2082,4,3,3
2083,0,0,0
2084,2,0,0
2085,3,2,2
2086,4,4,1
2087,0,0,0
2088,3,4,3
2089,2,4,2
2090,4,2,2
2091,0,2,0
2092,4,4,4
2093,0,0,0
2094,2,3,2
2095,3,4,2
2096,3,3,2
2097,0,0,0
2098,4,4,4
2099,2,4,3
2100,3,3,3
2101,2,2,2
2102,0,0,2
2103,4,2,3
2104,3,0,0
2105,0,1,0
2106,1,0,0
2107,0,0,0
2108,1,0,0
2109,3,3,1
2110,3,3,2
2111,4,1,2
2112,0,0,1
2113,3,4,2
2114,2,2,0
2115,0,0,0
2116,0,0,0
2117,0,0,0
2118,1,2,2
2119,4,4,4
2120,2,0,1
2121,0,2,2
2122,2,2,0
2123,2,2,2
2124,4,0,2
2125,2,3,1
2126,4,4,2
2127,0,2,1
2128,3,2,2
2129,4,3,4
2130,2,4,4
2131,0,0,0
2132,2,3,2
2133,4,4,4
2134,4,4,3
2135,0,0,0
2136,0,0,0
2137,4,4,3
2138,4,4,4
2139,1,0,0
2140,0,0,0
2141,0,2,1
2142,4,4,4
2143,4,2,3
2144,4,3,1
2145,0,4,2
2146,3,4,3
2147,4,0,0
2148,4,4,3
2149,4,2,1
2150,4,4,4
2151,3,4,4
2152,3,4,3
2153,3,4,3
2154,3,3,3
2155,0,0,0
2156,2,2,0
2157,2,0,0
2158,2,0,0
2159,3,2,0
2160,0,0,0
2161,2,1,2
2162,0,0,0
2163,0,3,0
2164,4,0,0
2165,2,1,1
2166,2,1,0
2167,0,3,2
2168,4,2,2
2169,0,0,0
2170,0,0,0
2171,4,2,2
2172,4,2,2
2173,4,2,1
2174,0,0,0
2175,4,4,4
2176,0,0,1
2177,3,2,2
2178,4,4,4
2179,4,4,2
2180,4,4,3
2181,4,4,2
2182,4,4,3
2183,2,1,0
2184,3,2,2
2185,0,0,0
2186,4,4,3
2187,2,2,1
2188,4,4,4
2189,4,4,4
2190,2,3,2
2191,0,0,0
2192,0,0,0
2193,4,4,4
2194,0,0,0
2195,3,4,3
2196,4,3,2
2197,3,4,3
2198,0,0,0
2199,3,4,2
2200,0,0,2
2201,0,0,0
2202,4,2,0
2203,3,0,0
2204,2,0,2
2205,4,4,3
2206,4,2,2
2207,3,3,3
2208,2,2,2
2209,4,3,3
2210,2,0,0
2211,0,0,0
2212,0,0,0
2213,4,4,3
2214,0,4,2
2215,4,4,4
2216,0,0,0
2217,4,4,4
2218,4,4,3
2219,2,2,2
2220,2,1,0
2221,2,4,3
2222,4,3,3
2223,0,0,0
2224,1,0,0
2225,0,0,0
2226,4,4,3
2227,4,4,2
2228,4,4,4
2229,4,4,4
2230,0,2,1
2231,2,2,1
2232,2,2,0
2233,4,4,4
2234,0,0,0
2235,4,4,2
2236,4,3,4
2237,2,0,2
2238,0,3,2
2239,1,0,0
2240,4,3,3
2241,0,0,0
2242,4,4,4
2243,2,3,1
2244,3,3,0
2245,0,0,0
2246,0,0,0
2247,0,0,0
2248,0,3,2
2249,2,2,3
2250,0,2,0
2251,4,4,2
2252,4,4,4
2253,1,2,0
2254,3,2,2
2255,4,4,2
2256,2,4,3
2257,2,2,1
2258,3,4,2
2259,4,3,2
2260,4,3,3
2261,4,4,4
2262,2,2,2
2263,2,2,3
2264,2,2,3
2265,2,2,0
2266,3,1,2
2267,0,1,0
2268,3,3,0
2269,2,0,3
2270,1,0,0
2271,3,0,0
2272,3,0,1
2273,4,4,0
2274,4,3,4
2275,4,4,2
2276,2,0,0
2277,4,4,4
2278,3,0,1
2279,2,4,3
2280,0,0,0
2281,2,1,3
2282,1,1,0
2283,3,4,4
2284,1,2,2
2285,0,1,1
2286,4,4,4
2287,1,0,0
2288,1,0,0
2289,0,1,0
2290,2,2,1
2291,4,2,3
2292,0,0,0
2293,4,4,3
2294,0,0,0
2295,2,0,0
2296,4,4,4
2297,2,2,2
2298,0,3,0
2299,0,0,0
2300,3,3,2
2301,3,2,1
2302,2,1,2
2303,0,0,0
2304,4,4,4
2305,4,4,4
2306,2,2,3
2307,2,2,2
2308,4,2,2
2309,2,0,2
2310,0,0,0
2311,1,0,0
2312,0,4,1
2313,4,3,2
2314,4,3,3
2315,3,4,2
2316,4,4,4
2317,4,2,2
2318,4,3,0
2319,4,3,3
2320,0,0,0
2321,4,4,3
2322,4,4,4
2323,4,4,3
2324,4,2,3
2325,2,3,2
2326,4,2,1
2327,4,0,3
2328,4,4,3
2329,4,4,4
2330,4,0,3
2331,0,0,2
2332,4,4,4
2333,1,2,0
2334,2,2,2
2335,3,4,3
2336,4,4,3
2337,4,4,4
2338,4,2,1
2339,4,4,3
2340,4,4,3
2341,4,4,4
2342,4,4,4
2343,1,0,1
2344,0,0,0
2345,0,0,0
2346,3,2,2
2347,2,3,1
2348,2,3,1
2349,4,0,2
2350,3,2,1
2351,2,2,2
2352,0,2,0
2353,1,0,0
2354,4,4,3
2355,4,4,4
2356,0,0,0
2357,4,1,2
2358,4,4,3
2359,0,0,1
2360,4,4,4
2361,0,0,0
2362,3,2,1
2363,2,2,1
2364,4,4,3
2365,2,0,0
2366,0,0,0
2367,2,0,0
2368,0,2,0
2369,3,4,4
2370,0,0,0
2371,0,0,0
2372,4,3,2
2373,4,2,1
2374,0,0,1
2375,2,0,0
2376,0,1,0
2377,4,2,2
2378,3,0,0
2379,4,4,4
2380,2,2,2
2381,2,1,0
2382,3,3,2
2383,3,0,1
2384,4,4,4
2385,2,2,1
2386,0,0,0
2387,2,2,1
2388,0,0,0
2389,4,4,4
2390,0,0,0
2391,1,3,1
2392,4,3,3
2393,4,4,3
2394,4,4,4
2395,4,2,2
2396,1,3,2
2397,1,4,1
2398,4,4,3
2399,0,4,2
2400,0,1,0
2401,0,0,0
2402,4,4,4
2403,0,2,0
2404,2,0,0
2405,0,0,0
2406,3,2,0
2407,4,4,4
2408,4,3,3
2409,1,0,0
2410,2,3,3
2411,0,0,0
2412,2,2,0
2413,0,0,0
2414,4,3,2
2415,0,0,0
2416,0,0,0
2417,2,2,0
2418,2,3,0
2419,4,4,4
2420,0,0,0
2421,0,0,0
2422,4,2,4
2423,4,4,4
2424,4,4,3
2425,0,0,0
2426,4,4,3
2427,0,0,0
2428,4,4,4
2429,4,4,3
2430,0,1,2
2431,3,4,2
2432,4,4,3
2433,1,4,4
2434,0,0,0
2435,3,2,2
2436,2,4,3
2437,3,3,3
2438,3,0,0
2439,2,0,4
2440,3,2,3
2441,0,2,0
2442,0,0,0
2443,0,0,0
2444,0,0,0
2445,3,2,1
2446,4,3,3
2447,0,0,0
2448,4,2,3
2449,4,3,3
2450,4,4,3
2451,3,0,2
2452,3,4,3
2453,2,3,2
2454,3,0,2
2455,0,0,0
2456,2,3,3
2457,0,0,0
2458,4,4,4
2459,0,0,0
2460,3,3,2
2461,4,4,4
2462,4,4,4
2463,4,3,4
2464,4,4,3
2465,4,4,4
2466,4,2,2
2467,0,0,0
2468,3,3,1
2469,4,4,3
2470,0,0,0
2471,4,4,3
2472,4,4,3
2473,4,4,3
2474,4,1,2
2475,4,4,3
2476,4,4,3
2477,2,3,2
2478,3,4,4
2479,3,4,3
2480,0,0,0
2481,0,0,0
2482,4,4,4
2483,0,0,0
2484,3,2,1
2485,0,2,1
2486,3,4,3
2487,0,0,0
2488,3,2,2
2489,4,4,4
2490,0,0,0
2491,1,2,2
2492,4,2,2
2493,3,4,3
2494,3,4,3
2495,4,4,3
2496,2,2,3
2497,1,4,2
2498,1,0,0
2499,4,4,3
2500,3,4,3
2501,0,0,0
2502,3,4,2
2503,0,2,1
2504,2,3,1
2505,4,0,0
2506,3,4,3
2507,4,4,3
2508,0,3,1
2509,4,4,3
2510,4,4,4
2511,2,0,2
2512,4,2,2
2513,2,2,0
2514,2,4,3
2515,2,3,2
2516,2,1,1
2517,4,3,2
2518,0,0,0
2519,4,0,0
2520,2,2,2
2521,4,4,4
2522,0,0,0
2523,4,4,4
2524,4,4,3
2525,2,2,1
2526,4,4,4
2527,2,0,3
2528,4,0,1
2529,2,4,3
2530,2,2,2
2531,4,4,3
2532,4,3,2
2533,4,4,3
2534,4,4,4
2535,4,4,4
2536,2,2,0
2537,4,4,3
2538,0,0,0
2539,1,0,0
2540,4,0,0
2541,0,0,0
2542,3,2,2
2543,2,4,2
2544,2,0,1
2545,0,0,0
2546,0,0,1
2547,4,4,3
2548,0,0,0
2549,0,0,0
2550,3,4,2
2551,3,4,2
2552,3,4,4
2553,1,0,0
2554,2,0,0
2555,2,0,0
2556,4,4,4
2557,0,0,0
2558,0,0,0
2559,2,3,2
2560,0,3,2
2561,3,0,1
2562,3,0,0
2563,4,2,2
2564,4,4,4
2565,2,2,0
2566,0,0,0
2567,2,0,0
2568,4,4,3
2569,2,0,0
2570,4,4,3
2571,2,2,2
2572,2,3,0
2573,3,4,2
2574,2,2,2
2575,2,2,2
2576,4,4,3
2577,2,2,1
2578,4,4,3
2579,1,2,2
2580,3,4,4
2581,2,0,0
2582,2,2,2
2583,1,2,0
2584,4,4,4
2585,4,2,2
2586,4,4,4
2587,0,2,2
2588,2,3,2
2589,4,4,3
2590,3,4,2
2591,0,0,0
2592,0,0,0
2593,4,3,2
2594,3,4,2
2595,0,4,0
2596,4,4,4
2597,4,4,4
2598,4,3,1
2599,4,4,3
2600,4,4,4
2601,4,0,0
2602,2,2,0
2603,2,3,2
2604,4,2,0
2605,0,0,0
2606,2,4,2
2607,2,4,2
2608,4,4,4
2609,2,4,2
2610,0,3,1
2611,0,0,1
2612,4,0,2
2613,2,0,0
2614,0,0,1
2615,4,4,3
2616,2,0,0
2617,0,0,0
2618,4,4,4
2619,2,2,0
2620,3,3,4
2621,2,0,0
2622,3,3,1
2623,4,3,3
2624,4,4,4
2625,4,4,2
2626,2,2,1
2627,4,4,3
2628,0,0,0
2629,2,0,0
2630,3,4,0
2631,2,3,2
2632,4,4,3
2633,0,4,2
2634,4,4,4
2635,0,0,0
2636,3,0,2
2637,1,0,0
2638,4,4,4
2639,0,0,0
2640,1,2,0
2641,2,2,2
2642,1,3,2
2643,2,0,1
2644,3,2,2
2645,4,0,0
2646,3,4,2
2647,0,0,0
2648,0,0,0
2649,0,0,0
2650,4,4,2
2651,0,0,0
2652,4,4,4
2653,4,4,4
2654,4,4,4
2655,4,4,4
2656,1,0,0
2657,2,0,0
2658,2,2,0
2659,4,4,4
2660,0,0,0
2661,4,1,2
2662,4,2,2
2663,4,4,4
2664,2,4,3
2665,4,4,4
2666,4,4,3
2667,2,4,3
2668,2,1,0
2669,2,3,2
2670,3,2,2
2671,4,4,4
2672,2,0,1
2673,4,4,3
2674,0,0,0
2675,0,1,1
2676,4,3,2
2677,2,2,1
2678,2,2,1
2679,1,1,0
2680,2,3,1
2681,4,3,1
2682,2,2,1
2683,0,0,0
2684,3,0,1
2685,4,4,4
2686,1,0,0
2687,2,4,3
2688,2,4,2
2689,1,4,2
2690,1,0,0
2691,3,2,0
2692,2,0,0
2693,2,2,2
2694,3,4,3
2695,2,2,2
2696,2,3,2
2697,4,4,4
2698,4,3,2
2699,4,3,2
2700,2,2,0
2701,4,2,2
2702,3,0,3
2703,3,4,3
2704,2,0,3
2705,2,3,1
2706,4,4,4
2707,4,2,1
2708,0,0,0
2709,3,1,2
2710,4,4,4
2711,2,2,2
2712,2,2,2
2713,0,0,0
2714,4,3,1
2715,4,4,4
2716,3,4,3
2717,2,3,2
2718,1,4,2
2719,0,0,0
2720,3,2,2
2721,4,4,4
2722,3,0,0
2723,2,2,2
2724,2,2,2
2725,2,0,0
2726,4,3,2
2727,4,0,3
2728,4,3,3
2729,0,0,0
2730,2,4,2
2731,2,0,2
2732,2,2,0
2733,2,3,3
2734,2,4,2
2735,4,2,3
2736,0,0,0
2737,2,0,2
2738,4,4,2
2739,4,3,2
2740,2,4,2
2741,3,2,2
2742,1,0,0
2743,2,0,0
2744,4,2,2
2745,2,4,4
2746,0,2,0
2747,4,4,3
2748,0,0,0
2749,1,0,2
2750,0,0,0
2751,3,4,1
2752,4,0,3
2753,0,0,1
2754,4,4,3
2755,0,3,2
2756,3,4,3
2757,4,4,4
2758,4,4,3
2759,4,4,4
2760,2,3,2
2761,4,3,3
2762,4,4,3
2763,2,3,2
2764,3,2,2
2765,2,4,3
2766,4,4,3
2767,4,4,2
2768,2,2,1
2769,4,1,1
2770,4,4,4
2771,3,4,3
2772,4,0,0
2773,3,2,3
2774,3,4,2
2775,4,2,3
2776,4,0,1
2777,4,2,2
2778,3,2,2
2779,4,2,3
2780,1,0,0
2781,0,0,0
2782,2,3,1
2783,3,4,2
2784,0,0,0
2785,4,4,4
2786,4,3,3
2787,4,3,2
2788,3,2,2
2789,2,2,0
2790,2,3,1
2791,1,2,1
2792,3,4,2
2793,0,2,1
2794,2,2,1
2795,4,4,3
2796,4,4,3
2797,1,1,0
2798,2,4,3
2799,4,4,4
2800,4,2,2
2801,4,1,1
2802,0,0,0
2803,3,3,3
2804,0,0,0
2805,2,3,0
2806,3,2,2
2807,4,4,3
2808,1,3,2
2809,0,0,0
2810,2,0,0
2811,3,4,3
2812,4,3,3
2813,4,2,3
2814,2,1,2
2815,0,3,2
2816,4,4,4
2817,2,2,0
2818,4,2,2
2819,4,4,3
2820,2,4,2
2821,4,4,4
2822,3,4,4
2823,2,3,2
2824,1,0,0
2825,1,1,2
2826,4,0,0
2827,4,4,4
2828,3,3,2
2829,2,2,2
2830,2,2,0
2831,0,0,0
2832,0,0,0
2833,4,4,4
2834,0,4,4
2835,2,2,0
2836,4,0,0
2837,4,4,4
2838,3,3,2
2839,0,0,0
2840,4,4,4
2841,3,4,1
2842,4,4,3
2843,4,4,2
2844,4,4,4
2845,4,4,4
2846,2,3,4
2847,4,4,3
2848,4,3,3
2849,4,4,4
2850,2,2,0
2851,2,0,3
2852,4,4,3
2853,4,0,2
2854,4,2,2
2855,4,4,4
2856,3,0,0
2857,3,3,2
2858,1,0,0
2859,0,0,0
2860,0,3,2
2861,0,2,0
2862,3,3,2
2863,4,3,4
2864,3,2,3
2865,2,1,0
2866,0,0,0
2867,2,0,1
2868,0,0,0
2869,4,4,4
2870,4,4,3
2871,0,0,0
2872,4,4,3
2873,4,4,2
2874,4,4,4
2875,1,0,2
2876,0,0,0
2877,1,0,0
2878,3,3,1
2879,0,2,0
2880,4,4,4
2881,4,4,4
2882,3,3,2
2883,0,0,0
2884,3,0,0
2885,1,3,2
2886,4,3,1
2887,4,4,3
2888,4,4,4
2889,2,1,1
2890,0,0,0
2891,0,0,0
2892,0,0,0
2893,2,2,2
2894,3,0,1
2895,2,2,1
2896,0,0,0
2897,0,0,0
2898,4,4,4
2899,3,1,2
2900,2,3,2
2901,4,0,2
2902,1,2,0
2903,2,2,0
2904,0,0,0
2905,2,4,4
2906,0,0,0
2907,3,0,1
2908,0,0,0
2909,2,0,2
2910,0,0,0
2911,2,0,0
2912,3,4,2
2913,0,0,0
2914,3,4,4
2915,0,0,0
2916,0,0,0
2917,3,0,0
2918,0,0,0
2919,3,0,0
2920,2,4,2
2921,0,0,0
2922,3,3,1
2923,3,2,2
2924,4,4,3
2925,0,0,0
2926,4,4,4
2927,4,4,4
2928,4,3,3
2929,0,0,0
2930,2,0,0
2931,4,2,2
2932,2,3,1
2933,0,2,0
2934,2,4,3
2935,4,4,2
2936,3,4,3
2937,4,4,3
2938,0,0,0
2939,1,3,2
2940,0,0,0
2941,0,2,1
2942,4,2,2
2943,4,4,4
2944,4,4,4
2945,2,0,0
2946,4,0,0
2947,0,1,1
2948,4,4,3
2949,1,0,0
2950,2,4,3
2951,4,4,4
2952,2,2,0
2953,3,4,2
2954,1,2,1
2955,4,4,3
2956,2,3,2
2957,4,4,3
2958,1,0,1
2959,1,4,2
2960,3,0,0
2961,0,0,0
2962,0,4,3
2963,3,0,2
2964,2,4,2
2965,4,4,3
2966,2,3,2
2967,2,3,2
2968,4,3,2
2969,4,2,2
2970,4,4,3
2971,0,0,0
2972,3,0,0
2973,3,4,3
2974,4,4,4
2975,3,4,3
2976,0,3,2
2977,0,0,2
2978,0,0,0
2979,0,0,0
2980,3,4,3
2981,4,0,0
2982,2,0,2
2983,0,0,0
2984,4,4,3
2985,2,2,1
2986,0,1,0
2987,0,0,0
2988,0,0,0
2989,0,4,1
2990,4,3,3
2991,4,3,1
2992,0,0,2
2993,4,4,4
2994,4,4,3
2995,4,2,2
2996,1,2,1
2997,4,4,3
2998,0,0,0
2999,3,4,4
3000,2,2,2
3001,4,4,2
3002,2,2,1
3003,4,3,2
3004,4,2,3
3005,3,4,1
3006,0,2,3
3007,4,2,3
3008,4,2,2
3009,1,0,0
3010,4,2,2
3011,0,0,0
3012,4,4,4
3013,0,0,0
3014,4,4,4
3015,4,2,2
3016,2,4,2
3017,4,0,2
3018,4,4,3
3019,0,0,0
3020,4,4,3
3021,0,0,0
3022,3,2,2
3023,0,0,0
3024,2,0,0
3025,0,0,0
3026,2,0,1
3027,0,0,0
3028,3,4,2
3029,4,2,2
3030,4,4,4
3031,4,4,4
3032,0,0,0
3033,4,4,2
3034,4,2,3
3035,4,4,4
3036,4,4,2
3037,4,4,4
3038,4,2,2
3039,3,2,2
3040,0,3,1
3041,4,3,2
3042,2,1,3
3043,0,0,0
3044,2,2,0
3045,4,4,3
3046,0,0,0
3047,0,0,1
3048,4,2,2
3049,1,2,2
3050,1,3,1
3051,0,3,3
3052,4,4,2
3053,4,4,4
3054,4,4,4
3055,4,4,4
3056,3,4,3
3057,3,0,1
3058,4,4,4
3059,2,3,0
3060,3,4,3
3061,0,1,0
3062,4,4,3
3063,0,0,0
3064,0,0,0
3065,4,3,2
3066,4,4,4
3067,4,2,1
3068,4,3,0
3069,0,0,0
3070,4,4,4
3071,0,0,0
3072,3,2,2
3073,4,3,2
3074,2,1,0
3075,3,3,2
3076,3,4,3
3077,3,4,2
3078,4,0,1
3079,0,0,0
3080,2,4,2
3081,4,1,2
3082,0,3,1
3083,2,3,2
3084,4,4,3
3085,3,1,0
3086,3,3,2
3087,1,2,2
3088,2,1,1
3089,0,0,0
3090,3,0,0
3091,0,0,0
3092,1,3,2
3093,4,4,3
3094,2,0,0
3095,4,2,3
3096,0,0,0
3097,0,1,0
3098,0,0,0
3099,3,4,4
3100,0,2,0
3101,0,0,0
3102,2,0,0
3103,1,2,2
3104,2,4,3
3105,4,4,4
3106,2,2,0
3107,4,4,3
3108,0,3,0
3109,3,4,2
3110,2,0,2
3111,2,0,1
3112,2,4,2
3113,3,2,0
3114,3,3,2
3115,4,4,3
3116,0,0,0
3117,0,2,0
3118,2,0,0
3119,3,3,3
3120,0,2,0
3121,2,2,0
3122,4,2,1
3123,3,3,2
3124,3,0,1
3125,3,4,3
3126,1,0,0
3127,4,4,4
3128,3,4,2
3129,4,2,2
3130,1,2,1
3131,4,4,4
3132,2,2,0
3133,3,0,3
3134,4,3,2
3135,0,0,0
3136,1,0,0
3137,2,2,1
3138,4,4,3
3139,4,2,2
3140,1,3,1
3141,2,1,0
3142,2,3,2
3143,3,3,2
3144,4,4,4
3145,0,0,0
3146,0,2,0
3147,2,4,2
3148,3,4,3
3149,4,3,2
3150,4,4,4
3151,4,4,4
3152,3,4,4
3153,4,0,3
3154,2,2,2
3155,0,0,0
3156,0,0,0
3157,3,4,3
3158,4,4,4
3159,4,4,4
3160,4,3,4
3161,0,0,0
3162,3,0,0
3163,0,0,0
3164,2,2,1
3165,4,4,4
3166,3,2,0
3167,4,3,3
3168,4,4,4
3169,3,1,1
3170,4,3,3
3171,4,0,2
3172,4,4,4
3173,4,4,3
3174,0,2,0
3175,1,0,0
3176,0,0,0
3177,0,0,0
3178,4,3,2
3179,1,0,0
3180,0,0,0
3181,3,4,2
3182,2,2,1
3183,2,3,1
3184,2,0,1
3185,3,4,3
3186,4,2,1
3187,0,3,1
3188,0,2,0
3189,1,2,1
3190,4,4,4
3191,4,0,0
3192,4,4,3
3193,4,4,4
3194,4,3,2
3195,4,2,4
3196,4,4,4
3197,0,0,0
3198,4,4,3
3199,4,4,3
3200,4,4,4
3201,4,4,4
3202,2,3,2
3203,0,2,0
3204,4,3,2
3205,4,4,2
3206,4,2,2
3207,4,2,2
3208,4,4,4
3209,2,3,1
3210,4,3,2
3211,0,0,0
3212,0,2,0
3213,3,2,2
3214,4,0,0
3215,2,3,2
3216,2,2,1
3217,4,3,4
3218,3,4,2
3219,0,0,0
3220,2,2,1
3221,3,4,2
3222,0,0,0
3223,0,2,0
3224,0,0,0
3225,3,2,0
3226,4,4,3
3227,4,4,3
3228,4,2,1
3229,4,4,4
3230,1,2,2
3231,3,2,1
3232,0,0,2
3233,0,0,0
3234,4,4,3
3235,3,2,2
3236,4,4,3
3237,4,4,3
3238,3,4,3
3239,3,4,4
3240,4,4,3
3241,4,4,4
3242,4,4,4
3243,2,0,0
3244,4,4,3
3245,4,4,3
3246,2,3,2
3247,4,4,3
3248,3,1,2
3249,2,2,0
3250,1,3,2
3251,2,0,2
3252,2,2,4
3253,4,4,3
3254,2,4,2
3255,0,0,0
3256,2,0,0
3257,4,3,2
3258,4,4,2
3259,3,2,2
3260,0,0,0
3261,1,2,0
3262,0,0,0
3263,4,4,4
3264,4,4,4
3265,3,4,3
3266,0,1,3
3267,0,0,0
3268,3,2,2
3269,2,4,2
3270,2,2,0
3271,3,4,2
3272,2,0,3
3273,2,3,1
3274,0,0,0
3275,0,0,0
3276,2,2,2
3277,0,0,3
3278,4,4,3
3279,2,0,0
3280,2,2,1
3281,0,0,0
3282,0,0,0
3283,3,1,2
3284,1,3,2
3285,2,4,2
3286,3,3,4
3287,4,4,3
3288,2,4,2
3289,3,2,1
3290,4,3,3
3291,3,0,0
3292,4,0,1
3293,0,0,0
3294,4,2,2
3295,1,0,0
3296,2,2,0
3297,0,0,0
3298,2,0,0
3299,2,2,2
3300,3,0,2
3301,0,0,0
3302,4,2,2
3303,4,4,3
3304,2,0,1
3305,1,0,0
3306,0,2,0
3307,3,2,3
3308,2,3,2
3309,2,3,2
3310,4,2,2
3311,2,0,0
3312,4,3,3
3313,3,4,3
3314,4,4,4
3315,2,3,2
3316,0,0,0
3317,3,4,2
3318,0,0,0
3319,4,4,4
3320,4,4,3
3321,0,0,0
3322,0,0,0
3323,0,0,0
3324,2,4,3
3325,2,2,1
3326,4,4,2
3327,3,1,2
3328,4,4,4
3329,2,4,3
3330,2,3,1
3331,4,4,4
3332,0,0,0
3333,3,4,3
3334,0,4,3
3335,0,0,0
3336,3,4,3
3337,0,0,0
3338,3,0,0
3339,4,4,3
3340,4,4,4
3341,3,0,1
3342,4,3,3
3343,4,3,2
3344,4,4,3
3345,2,2,1
3346,0,1,0
3347,4,4,4
3348,0,0,0
3349,4,4,3
3350,2,2,2
3351,2,4,2
3352,2,0,0
3353,0,0,0
3354,0,0,0
3355,4,3,2
3356,3,4,3
3357,2,1,2
3358,0,0,0
3359,2,2,1
3360,4,4,4
3361,4,4,4
3362,2,1,0
3363,4,4,3
3364,2,4,4
3365,2,2,1
3366,4,0,0
3367,3,2,0
3368,4,4,4
3369,0,1,1
3370,4,4,3
3371,1,2,2
3372,4,4,3
3373,3,4,3
3374,4,4,3
3375,4,0,0
3376,0,0,0
3377,3,4,3
3378,0,1,0
3379,3,4,4
3380,2,0,2
3381,0,4,3
3382,2,2,1
3383,0,0,0
3384,0,0,0
3385,1,0,0
3386,0,0,0
3387,1,0,0
3388,2,0,0
3389,4,0,0
3390,0,0,0
3391,3,2,2
3392,2,3,2
3393,4,4,3
3394,4,4,3
3395,4,4,3
3396,2,0,3
3397,4,2,2
3398,4,4,4
3399,4,4,4
3400,2,2,2
3401,4,4,2
3402,4,4,3
3403,0,0,0
3404,4,4,2
3405,0,0,0
3406,4,2,3
3407,0,0,0
3408,4,2,3
3409,2,2,0
3410,4,4,4
3411,3,4,1
3412,3,2,0
3413,4,2,3
3414,4,2,0
3415,4,4,3
3416,2,4,2
3417,1,2,0
3418,4,4,3
3419,0,0,0
3420,0,0,0
3421,2,3,2
3422,4,0,1
3423,2,1,1
3424,0,0,0
3425,4,4,3
3426,0,0,0
3427,3,4,2
3428,3,4,4
3429,0,0,0
3430,2,0,0
3431,4,4,4
3432,2,0,2
3433,0,0,0
3434,0,0,0
3435,2,4,2
3436,1,2,2
3437,0,0,1
3438,2,4,4
3439,4,0,3
3440,0,0,0
3441,2,2,0
3442,2,2,0
3443,0,2,0
3444,4,4,4
3445,3,2,2
3446,0,0,0
3447,4,2,0
3448,1,2,2
3449,1,0,0
3450,0,3,2
3451,2,0,0
3452,0,2,0
3453,0,2,0
3454,3,4,2
3455,2,2,2
3456,4,4,4
3457,4,3,3
3458,0,2,1
3459,0,0,0
3460,3,3,2
3461,4,4,4
3462,4,4,4
3463,4,0,0
3464,4,4,4
3465,0,0,0
3466,3,2,2
3467,4,4,2
3468,3,3,1
3469,3,0,0
3470,1,3,2
3471,0,0,0
3472,2,4,3
3473,3,3,2
3474,0,2,1
3475,0,0,0
3476,2,0,0
3477,4,4,2
3478,3,4,2
3479,2,3,1
3480,1,3,2
3481,4,0,0
3482,2,3,2
3483,2,2,0
3484,0,0,0
3485,1,0,0
3486,3,4,3
3487,0,0,0
3488,3,2,3
3489,4,4,4
3490,3,3,3
3491,2,4,3
3492,0,0,0
3493,1,2,0
3494,4,4,4
3495,4,0,0
3496,1,2,2
3497,3,3,2
3498,1,2,0
3499,2,0,1
3500,4,4,4
3501,0,0,0
3502,2,3,2
3503,4,4,3
3504,4,0,3
3505,0,2,0
3506,4,4,4
3507,4,2,2
3508,2,0,0
3509,3,4,4
3510,4,4,3
3511,4,4,3
3512,4,4,3
3513,1,2,1
3514,0,0,0
3515,2,4,2
3516,4,4,4
3517,0,0,0
3518,3,3,2
3519,4,4,3
3520,0,2,1
3521,4,3,3
3522,0,0,0
3523,2,4,3
3524,2,3,2
3525,2,1,0
3526,4,4,4
3527,4,4,2
3528,0,0,0
3529,2,3,1
3530,4,4,4
3531,3,0,0
3532,4,4,3
3533,4,2,1
3534,0,0,0
3535,2,2,0
3536,2,1,1
3537,4,4,4
3538,2,0,0
3539,3,3,3
3540,3,0,0
3541,2,2,2
3542,4,4,2
3543,2,2,0
3544,3,3,2
3545,3,2,1
3546,4,2,2
3547,2,0,2
3548,1,3,2
3549,4,4,3
3550,2,4,2
3551,4,4,4
3552,4,3,3
3553,4,2,0
3554,0,0,0
3555,3,2,3
3556,0,0,0
3557,0,0,1
3558,4,4,4
3559,3,3,3
3560,1,0,0
3561,4,0,1
3562,0,1,0
3563,2,3,2
3564,3,4,3
3565,3,0,0
3566,1,0,0
3567,4,4,2
3568,4,4,3
3569,0,0,0
3570,4,4,2
3571,0,0,0
3572,2,0,0
3573,4,4,4
3574,4,4,3
3575,0,0,0
3576,4,4,4
3577,4,4,2
3578,3,2,2
3579,4,4,4
3580,3,3,2
3581,4,3,3
3582,2,1,1
3583,0,0,2
3584,0,0,0
3585,2,2,0
3586,4,0,0
3587,4,2,2
3588,4,0,2
3589,2,3,2
3590,2,2,2
3591,4,3,3
3592,4,3,3
3593,2,2,2
3594,1,0,0
3595,2,3,3
3596,3,2,3
3597,2,3,2
3598,2,2,3
3599,4,4,3
3600,4,0,3
3601,2,3,2
3602,2,4,3
3603,0,0,0
3604,3,3,0
3605,2,4,1
3606,1,0,0
3607,2,4,1
3608,0,0,0
3609,1,3,0
3610,0,0,0
3611,4,4,3
3612,0,0,0
3613,4,4,4
3614,4,2,2
3615,2,2,2
3616,2,3,2
3617,4,4,3
3618,2,0,2
3619,0,0,2
3620,4,3,3
3621,2,0,0
3622,4,4,4
3623,2,2,3
3624,2,3,3
3625,4,2,2
3626,1,0,0
3627,4,2,3
3628,3,3,3
3629,2,3,2
3630,4,2,2
3631,3,3,2
3632,4,4,3
3633,3,1,3
3634,4,4,4
3635,0,0,0
3636,4,4,2
3637,3,4,2
3638,4,4,4
3639,0,0,0
3640,2,2,2
3641,0,0,0
3642,2,0,0
3643,2,2,2
3644,3,2,3
3645,3,4,3
3646,4,4,4
3647,2,3,1
3648,2,2,1
3649,4,4,4
3650,0,0,0
3651,3,4,2
3652,2,0,0
3653,4,4,4
3654,2,4,0
3655,2,0,2
3656,0,0,0
3657,3,4,3
3658,4,3,2
3659,4,0,0
3660,4,4,3
3661,4,4,4
3662,4,4,3
3663,3,4,3
3664,1,0,0
3665,0,0,0
3666,2,0,0
3667,2,2,2
3668,0,0,0
3669,2,4,0
3670,0,0,0
3671,4,4,4
3672,3,4,2
3673,0,0,0
3674,2,3,2
3675,0,0,0
3676,3,3,2
3677,4,4,4
3678,4,4,3
3679,4,4,4
3680,4,3,2
3681,2,3,2
3682,4,0,1
3683,1,2,0
3684,4,4,4
3685,2,4,3
3686,2,4,4
3687,4,2,2
3688,0,0,0
3689,2,2,2
3690,4,3,2
3691,4,3,2
3692,4,4,4
3693,4,4,4
3694,2,3,3
3695,4,2,1
3696,0,0,0
3697,2,0,0
3698,2,4,3
3699,4,4,3
3700,4,2,3
3701,0,3,0
3702,2,2,0
3703,1,2,0
3704,4,3,2
3705,1,3,2
3706,2,2,0
3707,3,4,2
3708,2,0,0
3709,3,0,0
3710,2,2,1
3711,4,4,2
3712,0,0,0
3713,0,2,0
3714,3,3,3
3715,4,2,2
3716,0,3,0
3717,2,3,1
3718,1,2,0
3719,3,4,1
3720,0,0,0
3721,0,2,2
3722,0,2,0
3723,2,2,1
3724,4,2,0
3725,0,0,0
3726,0,2,2
3727,2,2,1
3728,2,2,2
3729,0,0,0
3730,3,4,4
3731,2,4,3
3732,3,4,3
3733,3,2,2
3734,0,0,0
3735,1,0,0
3736,2,2,2
3737,0,2,1
3738,0,0,0
3739,4,4,3
3740,3,4,1
3741,1,1,1
3742,3,4,3
3743,1,2,2
3744,2,4,2
3745,1,2,1
3746,4,2,3
3747,0,3,2
3748,0,0,0
3749,0,0,0
3750,2,4,0
3751,2,0,0
3752,2,0,1
3753,2,4,3
3754,4,4,0
3755,4,4,3
3756,2,3,1
3757,4,4,3
3758,4,4,3
3759,3,4,2
3760,4,4,3
3761,4,4,3
3762,4,3,2
3763,3,4,3
3764,0,0,0
3765,1,0,0
3766,0,0,0
3767,4,4,3
3768,3,4,3
3769,2,0,1
3770,0,2,0
3771,3,4,1
3772,4,4,3
3773,3,3,2
3774,0,2,0
3775,0,1,1
3776,0,0,0
3777,2,2,1
3778,0,0,0
3779,4,4,3
3780,0,0,0
3781,0,0,0
3782,1,2,1
3783,2,0,0
3784,0,3,0
3785,4,4,3
3786,4,4,4
3787,4,4,4
3788,0,0,0
3789,4,3,4
3790,4,3,3
3791,4,4,3
3792,4,4,4
3793,3,4,3
3794,0,0,0
3795,4,4,3
3796,4,4,4
3797,3,0,0
3798,1,0,0
3799,0,2,0
3800,3,4,3
3801,0,0,0
3802,4,2,2
3803,2,3,2
3804,4,4,3
3805,3,4,3
3806,4,4,2
3807,4,3,2
3808,3,1,2
3809,2,2,2
3810,4,2,2
3811,2,2,2
3812,3,2,2
3813,4,2,2
3814,1,3,2
3815,2,4,2
3816,2,1,0
3817,3,4,2
3818,0,4,2
3819,4,0,0
3820,4,4,4
3821,4,2,2
3822,0,0,0
3823,4,4,4
3824,4,4,3
3825,2,3,0
3826,0,0,0
3827,0,0,0
3828,1,0,0
3829,4,4,4
3830,0,0,0
3831,3,3,2
3832,4,0,4
3833,2,0,0
3834,2,3,2
3835,2,4,2
3836,2,2,2
3837,0,0,0
3838,2,4,3
3839,3,4,4
3840,0,0,0
3841,3,1,0
3842,3,2,2
3843,1,2,1
3844,0,0,1
3845,2,2,2
3846,4,2,3
3847,0,0,0
3848,2,3,2
3849,3,3,1
3850,4,4,4
3851,4,4,4
3852,4,0,2
3853,3,3,1
3854,2,2,1
3855,3,4,4
3856,0,0,0
3857,2,3,2
3858,0,0,0
3859,2,4,3
3860,0,0,0
3861,3,0,2
3862,2,2,1
3863,4,4,2
3864,0,0,0
3865,1,3,2
3866,4,4,3
3867,0,0,0
3868,4,4,3
3869,4,4,3
3870,4,4,2
3871,2,2,1
3872,4,4,3
3873,2,2,2
3874,2,0,1
3875,0,0,0
3876,0,0,1
3877,2,1,2
3878,4,4,4
3879,0,2,0
3880,0,0,0
3881,4,2,2
3882,3,2,2
3883,2,4,2
3884,2,0,0
3885,4,4,4
3886,4,2,3
3887,4,4,2
3888,0,0,0
3889,3,4,1
3890,4,4,4
3891,4,4,4
3892,0,2,2
3893,4,4,3
3894,3,2,3
3895,3,2,2
3896,3,3,2
3897,0,0,0
3898,4,4,4
3899,4,4,4
3900,0,0,0
3901,3,4,2
3902,0,0,0
3903,2,0,0
3904,4,4,3
3905,0,1,0
3906,1,2,2
3907,4,4,2
3908,1,4,1
3909,0,0,0
3910,4,4,3
3911,4,4,3
3912,2,4,2
3913,2,3,1
3914,1,0,0
3915,3,3,4
3916,2,2,0
3917,3,3,2
3918,2,2,1
3919,4,4,1
3920,4,4,4
3921,3,2,2
3922,4,4,2
3923,3,0,0
3924,1,4,3
3925,3,2,2
3926,2,3,1
3927,4,2,2
3928,2,2,1
3929,2,2,3
3930,4,4,2
3931,4,4,3
3932,2,3,0
3933,4,4,4
3934,3,4,3
3935,3,4,2
3936,4,4,3
3937,4,0,0
3938,2,3,0
3939,2,4,3
3940,0,0,0
3941,2,3,2
3942,2,4,1
3943,3,3,2
3944,0,0,0
3945,0,0,0
3946,4,3,2
3947,1,2,1
3948,0,0,0
3949,0,0,0
3950,4,0,0
3951,2,2,0
3952,0,0,0
3953,2,4,1
3954,2,2,0
3955,0,2,1
3956,0,0,0
3957,2,2,1
3958,4,4,4
3959,4,2,2
3960,0,0,0
3961,2,2,0
3962,3,0,1
3963,1,3,2
3964,3,4,2
3965,4,4,3
3966,1,3,1
3967,0,0,0
3968,0,0,0
3969,4,4,3
3970,2,2,2
3971,4,2,2
3972,3,0,0
3973,3,4,3
3974,4,4,4
3975,4,4,2
3976,3,3,3
3977,1,2,0
3978,1,0,0
3979,3,4,2
3980,3,4,3
3981,4,3,2
3982,4,4,4
3983,1,3,1
3984,4,4,4
3985,3,3,3
3986,0,0,0
3987,3,3,3
3988,2,0,1
3989,4,4,4
3990,0,2,0
3991,0,0,0
3992,2,2,2
3993,1,0,0
3994,3,2,2
3995,0,0,0
3996,1,2,2
3997,0,0,0
3998,4,2,3
3999,4,4,3
4000,4,4,2
4001,4,4,2
4002,0,0,0
4003,1,1,2
4004,2,2,2
4005,0,2,2
4006,4,4,4
4007,0,0,0
4008,4,4,3
4009,4,3,3
4010,2,0,1
4011,0,0,0
4012,2,4,2
4013,4,4,4
4014,4,4,4
4015,4,3,2
4016,4,1,2
4017,3,3,3
4018,4,4,3
4019,0,0,0
4020,2,4,2
4021,4,4,3
4022,0,0,0
4023,4,4,4
4024,3,4,2
4025,2,2,1
4026,4,2,1
4027,2,1,2
4028,4,4,4
4029,4,4,3
4030,4,2,2
4031,3,3,2
4032,0,0,0
4033,2,1,0
4034,4,4,4
4035,4,2,2
4036,4,4,4
4037,4,0,0
4038,0,2,2
4039,2,0,0
4040,4,4,4
4041,2,0,0
4042,2,3,1
4043,2,2,0
4044,4,4,3
4045,3,4,3
4046,4,4,4
4047,2,0,0
4048,3,3,2
4049,4,4,3
4050,4,0,2
4051,3,3,2
4052,3,3,2
4053,4,4,4
4054,4,4,4
4055,0,0,0
4056,3,0,0
4057,4,3,2
4058,2,3,1
4059,3,2,2
4060,4,4,4
4061,4,4,4
4062,0,0,0
4063,4,4,4
4064,0,0,0
4065,1,0,0
4066,1,3,2
4067,4,4,4
4068,4,3,4
4069,0,0,0
4070,3,4,2
4071,4,4,4
4072,4,4,4
4073,2,1,1
4074,2,3,2
4075,3,3,3
4076,4,4,3
4077,4,0,1
4078,4,4,3
4079,0,0,0
4080,3,4,3
4081,1,2,2
4082,4,4,3
4083,0,0,0
4084,3,4,3
4085,3,3,2
4086,0,0,0
4087,2,2,1
4088,4,1,0
4089,2,3,2
4090,4,4,4
4091,2,4,4
4092,0,0,0
4093,2,4,3
4094,2,4,4
4095,2,0,0
4096,3,4,3
4097,0,0,0
4098,4,4,4
4099,3,4,3
4100,4,4,3
4101,4,4,2
4102,4,3,0
4103,2,2,0
4104,3,2,0
4105,2,0,0
4106,0,2,1
4107,1,1,1
4108,1,1,0
4109,2,0,1
4110,2,2,1
4111,2,0,1
4112,1,2,1
4113,0,2,1
4114,2,3,0
4115,4,3,3
4116,0,1,0
4117,0,0,0
4118,2,3,3
4119,2,2,0
4120,3,2,1
4121,1,1,2
4122,0,0,0
4123,3,4,1
4124,0,0,0
4125,0,0,0
4126,0,2,0
4127,4,4,3
4128,4,4,4
4129,2,4,3
4130,4,4,4
4131,2,3,1
4132,4,4,3
4133,4,4,4
4134,4,4,3
4135,4,3,2
4136,0,0,0
4137,4,4,3
4138,0,1,0
4139,3,3,3
4140,0,0,1
4141,2,0,0
4142,0,0,0
4143,4,0,2
4144,3,2,3
4145,2,3,3
4146,2,2,2
4147,4,2,3
4148,3,0,0
4149,2,0,0
4150,1,3,1
4151,0,0,0
4152,4,4,4
4153,3,2,2
4154,2,2,2
4155,3,2,0
4156,4,4,4
4157,0,0,1
4158,4,2,3
4159,3,4,3
4160,1,2,2
4161,4,4,4
4162,3,2,1
4163,2,0,0
4164,0,3,1
4165,1,2,0
4166,2,2,2
4167,2,1,0
4168,3,4,3
4169,4,4,4
4170,4,0,1
4171,2,2,1
4172,3,3,3
4173,0,0,2
4174,4,4,4
4175,4,4,4
4176,3,2,1
4177,4,4,3
4178,0,0,0
4179,3,4,3
4180,4,4,3
4181,4,4,4
4182,2,0,3
4183,3,2,3
4184,2,0,0
4185,0,2,2
4186,2,4,3
4187,3,4,3
4188,2,0,1
4189,0,0,0
4190,2,0,1
4191,4,3,2
4192,2,2,0
4193,2,2,1
4194,3,4,3
4195,1,4,2
4196,3,4,2
4197,2,3,1
4198,4,4,4
4199,0,0,0
4200,0,0,0
4201,2,1,0
4202,3,4,4
4203,4,0,2
4204,4,4,4
4205,0,0,0
4206,2,2,2
4207,0,0,0
4208,4,3,4
4209,0,0,0
4210,2,0,0
4211,4,4,3
4212,3,1,0
4213,3,3,3
4214,4,4,4
4215,2,2,0
4216,2,2,1
4217,4,4,4
4218,4,4,3
4219,4,2,2
4220,0,0,0
4221,2,3,3
4222,1,0,0
4223,3,2,2
4224,0,0,0
4225,2,3,2
4226,0,0,0
4227,0,0,0
4228,4,4,4
4229,4,4,3
4230,3,2,0
4231,0,0,0
4232,4,3,3
4233,0,0,0
4234,1,0,0
4235,2,2,0
4236,0,0,0
4237,1,2,2
4238,3,4,3
4239,3,2,2
4240,0,1,0
4241,0,0,0
4242,0,0,0
4243,1,0,2
4244,4,3,2
4245,2,3,4
4246,4,4,3
4247,1,2,2
4248,0,2,1
4249,3,3,2
4250,4,4,3
4251,1,2,1
4252,4,4,3
4253,2,2,0
4254,1,0,2
4255,4,4,4
4256,2,4,0
4257,2,2,0
4258,0,0,0
4259,0,0,0
4260,1,0,0
4261,4,2,2
4262,0,0,0
4263,3,4,3
4264,0,0,0
4265,1,2,1
4266,0,0,0
4267,0,0,0
4268,4,1,2
4269,3,0,1
4270,3,4,2
4271,2,2,3
4272,4,4,4
4273,1,0,0
4274,0,4,2
4275,2,4,3
4276,4,3,2
4277,3,2,1
4278,0,0,0
4279,0,4,2
4280,4,4,3
4281,0,0,0
4282,3,2,2
4283,3,3,2
4284,1,0,0
4285,3,4,3
4286,4,4,4
4287,4,4,4
4288,0,2,2
4289,3,2,0
4290,4,0,2
4291,4,4,4
4292,0,1,2
4293,4,4,4
4294,4,4,3
4295,0,0,0
4296,4,4,4
4297,1,2,2
4298,2,0,0
4299,0,0,0
4300,2,0,0
4301,2,4,1
4302,0,0,0
4303,0,1,2
4304,1,4,2
4305,4,4,3
4306,2,0,2
4307,2,4,2
4308,4,4,3
4309,2,4,3
4310,4,2,3
4311,4,4,4
4312,4,4,3
4313,2,1,1
4314,3,4,3
4315,0,0,0
4316,4,4,3
4317,3,4,3
4318,0,0,0
4319,2,2,1
4320,2,2,2
4321,2,1,2
4322,0,0,0
4323,0,0,0
4324,0,0,0
4325,4,0,0
4326,2,4,3
4327,2,3,3
4328,4,1,2
4329,0,0,0
4330,0,4,3
4331,2,2,2
4332,2,2,0
4333,4,4,4
4334,4,4,4
4335,4,0,2
4336,2,3,0
4337,2,4,3
4338,2,2,3
4339,3,2,0
4340,2,3,2
4341,2,2,2
4342,2,3,3
4343,4,3,4
4344,0,0,2
4345,3,4,3
4346,4,0,1
4347,0,2,0
4348,3,2,1
4349,4,4,4
4350,2,3,2
4351,1,0,0
4352,3,2,0
4353,1,1,0
4354,2,0,0
4355,0,0,2
4356,2,2,3
4357,0,2,0
4358,2,3,1
4359,4,4,4
4360,0,0,0
4361,0,1,0
4362,1,2,3
4363,0,0,0
4364,4,2,3
4365,0,0,0
4366,4,4,3
4367,0,0,0
4368,1,1,1
4369,4,0,2
4370,1,0,1
4371,2,2,1
4372,1,3,2
4373,4,4,4
4374,3,2,2
4375,4,4,3
4376,0,0,0
4377,2,3,3
4378,0,0,0
4379,4,4,2
4380,3,2,2
4381,4,0,3
4382,0,0,0
4383,3,2,0
4384,0,0,0
4385,4,3,2
4386,4,2,3
4387,0,2,2
4388,2,2,2
4389,0,0,0
4390,0,0,0
4391,2,2,2
4392,4,4,4
4393,2,4,2
4394,0,0,0
4395,4,0,0
4396,2,2,2
4397,4,2,2
4398,3,0,0
4399,3,3,1
4400,0,1,1
4401,4,4,4
4402,3,2,4
4403,0,2,2
4404,0,0,0
4405,1,0,0
4406,4,2,3
4407,4,2,3
4408,2,2,0
4409,2,2,1
4410,2,2,3
4411,0,0,0
4412,2,3,0
4413,2,2,1
4414,0,1,2
4415,3,0,2
4416,2,0,1
4417,2,2,0
4418,2,4,2
4419,0,0,0
4420,4,4,3
4421,4,4,3
4422,4,0,2
4423,2,0,0
4424,4,4,4
4425,4,4,3
4426,4,4,2
4427,0,0,0
4428,2,4,3
4429,4,4,4
4430,0,0,0
4431,0,0,0
4432,1,0,0
4433,2,1,1
4434,2,2,2
4435,0,2,0
4436,4,4,4
4437,4,4,4
4438,4,4,3
4439,3,2,2
4440,0,0,0
4441,0,0,0
4442,3,2,1
4443,2,3,2
4444,2,0,0
4445,0,0,0
4446,4,4,4
4447,1,0,0
4448,4,3,3
4449,0,4,2
4450,3,4,4
4451,4,4,4
4452,0,0,0
4453,4,4,3
4454,0,0,0
4455,3,0,0
4456,2,2,0
4457,4,4,4
4458,3,2,1
4459,4,2,3
4460,0,0,0
4461,2,0,1
4462,2,0,0
4463,3,3,4
4464,4,4,4
4465,4,4,3
4466,1,3,1
4467,3,2,2
4468,4,4,4
4469,0,2,0
4470,0,2,1
4471,2,1,0
4472,3,2,3
4473,4,4,3
4474,0,0,0
4475,2,4,3
4476,4,3,3
4477,2,2,0
4478,0,0,0
4479,4,1,2
4480,4,3,1
4481,4,4,3
4482,4,4,4
4483,0,0,0
4484,3,2,2
4485,0,0,0
4486,0,0,0
4487,4,2,3
4488,0,4,2
4489,4,4,3
4490,3,4,4
4491,3,4,2
4492,3,4,1
4493,4,4,4
4494,2,2,2
4495,0,0,0
4496,4,4,4
4497,4,2,2
4498,2,4,3
4499,2,0,0
4500,0,0,0
4501,2,4,3
4502,0,0,0
4503,4,2,4
4504,4,4,4
4505,4,1,2
4506,4,0,2
4507,3,4,2
4508,4,4,3
4509,4,2,2
4510,1,2,2
4511,2,2,0
4512,0,0,1
4513,2,0,0
4514,0,1,3
4515,3,4,3
4516,2,4,2
4517,0,0,0
4518,0,3,2
4519,4,4,2
4520,0,0,0
4521,2,2,2
4522,3,2,0
4523,3,4,3
4524,4,4,3
4525,1,3,2
4526,4,4,4
4527,4,4,4
4528,3,4,3
4529,2,2,1
4530,4,3,2
4531,3,4,3
4532,2,0,0
4533,4,4,4
4534,2,4,2
4535,0,0,0
4536,0,0,0
4537,4,2,3
4538,4,4,3
4539,0,0,0
4540,4,4,4
4541,4,0,1
4542,2,0,1
4543,1,4,3
4544,2,4,4
4545,1,0,0
4546,1,0,0
4547,1,1,1
4548,4,2,2
4549,4,2,2
4550,0,0,0
4551,0,0,0
4552,4,4,3
4553,2,4,3
4554,3,3,2
4555,4,2,2
4556,2,2,1
4557,3,3,3
4558,2,3,1
4559,2,3,2
4560,0,0,0
4561,0,0,0
4562,4,4,4
4563,3,3,2
4564,2,2,3
4565,4,4,3
4566,0,0,0
4567,4,4,3
4568,0,1,0
4569,0,0,0
4570,0,0,0
4571,0,0,0
4572,4,4,3
4573,4,4,2
4574,4,4,3
4575,2,4,2
4576,4,4,4
4577,0,0,0
4578,4,4,4
4579,4,0,0
4580,4,2,3
4581,4,4,3
4582,3,4,2
4583,4,2,0
4584,0,0,0
4585,4,4,4
4586,4,4,3
4587,3,0,0
4588,0,0,0
4589,4,4,2
4590,4,0,0
4591,2,3,2
4592,2,3,2
4593,4,4,4
4594,0,0,0
4595,4,4,4
4596,4,4,4
4597,0,0,1
4598,4,4,4
4599,3,2,3
4600,2,3,3
4601,4,4,4
4602,4,2,2
4603,4,2,3
4604,0,0,0
4605,0,0,0
4606,4,0,2
4607,0,0,0
4608,3,3,2
4609,4,2,0
4610,2,3,2
4611,4,4,4
4612,0,0,0
4613,0,0,0
4614,2,2,0
4615,4,4,2
4616,4,4,4
4617,2,2,2
4618,2,1,1
4619,4,4,0
4620,3,4,3
4621,2,4,3
4622,0,0,0
4623,0,0,0
4624,2,4,2
4625,0,0,0
4626,4,3,2
4627,0,0,0
4628,0,1,0
4629,2,2,0
4630,2,1,1
4631,0,0,0
4632,4,4,4
4633,0,0,0
4634,4,4,3
4635,4,0,1
4636,2,4,1
4637,0,0,0
4638,4,4,4
4639,4,2,3
4640,0,2,3
4641,0,0,0
4642,4,3,3
4643,3,4,2
4644,2,0,0
4645,4,4,4
4646,4,2,2
4647,0,0,0
4648,2,2,0
4649,4,0,1
4650,1,2,0
4651,3,4,3
4652,3,4,3
4653,3,3,3
4654,4,4,3
4655,4,4,3
4656,4,3,3
4657,4,4,3
4658,4,4,4
4659,2,0,0
4660,2,2,1
4661,1,0,0
4662,0,0,0
4663,0,0,0
4664,1,0,0
4665,0,0,0
4666,4,0,2
4667,0,2,0
4668,2,3,2
4669,0,2,1
4670,2,4,3
4671,4,4,3
4672,3,4,2
4673,4,4,4
4674,4,3,2
4675,2,4,2
4676,2,2,2
4677,4,4,3
4678,0,0,0
4679,1,2,0
4680,0,3,0
4681,3,3,1
4682,1,0,1
4683,4,4,4
4684,0,0,0
4685,4,4,3
4686,4,4,1
4687,3,4,3
4688,3,3,1
4689,2,3,2
4690,4,4,3
4691,4,2,2
4692,4,2,2
4693,2,2,2
4694,2,0,2
4695,3,2,3
4696,3,4,2
4697,0,0,0
4698,0,1,0
4699,3,0,0
4700,2,4,2
4701,0,0,0
4702,0,0,0
4703,2,2,1
4704,2,2,1
4705,4,4,2
4706,4,4,2
4707,2,1,1
4708,0,1,0
4709,4,3,2
4710,3,2,0
4711,3,3,2
4712,4,2,1
4713,3,4,3
4714,4,4,4
4715,0,0,0
4716,2,2,0
4717,0,0,0
4718,2,0,0
4719,2,3,2
4720,2,2,0
4721,1,0,0
4722,1,2,0
4723,2,0,0
4724,0,1,0
4725,0,0,0
4726,2,0,0
4727,2,2,0
4728,3,4,4
4729,4,3,3
4730,3,4,3
4731,4,4,3
4732,0,0,0
4733,4,4,3
4734,0,0,0
4735,0,0,0
4736,1,0,0
4737,3,3,2
4738,0,0,0
4739,4,3,3
4740,2,4,3
4741,0,0,0
4742,4,4,3
4743,3,0,0
4744,2,1,2
4745,3,4,3
4746,0,0,0
4747,0,0,0
4748,4,0,2
4749,4,4,3
4750,0,0,0
4751,4,4,4
4752,2,4,3
4753,4,4,4
4754,4,0,2
4755,2,2,0
4756,4,4,3
4757,2,0,0
4758,2,3,2
4759,0,2,1
4760,4,3,2
4761,1,0,0
4762,2,0,0
4763,4,4,4
4764,0,0,0
4765,0,0,0
4766,0,0,0
4767,4,4,2
4768,2,3,4
4769,0,2,3
4770,3,0,0
4771,4,4,4
4772,0,1,0
4773,1,2,0
4774,1,4,2
4775,4,4,4
4776,2,2,0
4777,2,0,0
4778,3,2,2
4779,2,0,1
4780,2,2,2
4781,2,2,2
4782,2,0,1
4783,1,2,0
4784,1,4,2
4785,4,3,3
4786,2,2,1
4787,2,4,4
4788,0,0,0
4789,4,4,3
4790,0,0,0
4791,4,4,3
4792,1,4,2
4793,4,4,4
4794,4,2,3
4795,0,0,0
4796,0,0,1
4797,2,3,0
4798,0,0,0
4799,0,0,0
4800,0,3,2
4801,4,4,3
4802,3,3,2
4803,0,0,0
4804,3,4,2
4805,1,2,1
4806,2,0,0
4807,4,4,3
4808,0,0,0
4809,0,0,0
4810,2,2,2
4811,2,3,2
4812,0,2,0
4813,2,3,4
4814,3,2,2
4815,4,3,2
4816,4,4,4
4817,2,4,4
4818,4,4,4
4819,0,0,0
4820,0,0,0
4821,1,2,1
4822,0,0,0
4823,3,4,3
4824,0,0,0
4825,4,4,4
4826,2,4,3
4827,2,4,4
4828,2,4,2
4829,4,3,2
4830,1,0,0
4831,0,0,0
4832,4,4,3
4833,4,4,4
4834,2,3,2
4835,0,0,0
4836,2,2,0
4837,0,2,0
4838,0,0,0
4839,0,0,2
4840,2,0,1
4841,4,2,2
4842,4,4,3
4843,0,0,0
4844,0,2,1
4845,4,3,3
4846,0,0,0
4847,0,0,0
4848,0,0,0
4849,1,0,0
4850,2,2,1
4851,4,1,0
4852,2,0,2
4853,2,4,3
4854,0,1,0
4855,2,4,3
4856,3,2,0
4857,3,4,3
4858,0,0,0
4859,0,0,0
4860,2,0,0
4861,4,4,2
4862,0,0,0
4863,4,4,4
4864,2,2,2
4865,0,2,3
4866,2,2,2
4867,0,4,3
4868,0,3,2
4869,0,0,0
4870,3,2,2
4871,0,0,0
4872,0,0,0
4873,3,4,2
4874,4,4,4
4875,0,0,0
4876,0,0,0
4877,3,4,2
4878,4,2,1
4879,2,2,1
4880,0,2,0
4881,2,2,3
4882,4,2,1
4883,2,4,2
4884,3,3,3
4885,2,0,1
4886,4,4,4
4887,0,0,0
4888,3,2,1
4889,4,4,4
4890,2,2,0
4891,3,0,0
4892,1,2,0
4893,4,4,4
4894,0,0,0
4895,4,0,3
4896,3,2,1
4897,0,3,1
4898,3,2,2
4899,4,4,3
4900,4,4,4
4901,3,4,2
4902,4,4,4
4903,0,0,0
4904,0,0,0
4905,2,4,2
4906,3,4,3
4907,4,4,2
4908,3,0,0
4909,4,4,3
4910,0,0,0
4911,4,4,4
4912,0,0,0
4913,2,1,0
4914,3,2,1
4915,0,0,0
4916,4,4,1
4917,2,0,2
4918,4,4,3
4919,1,0,0
4920,3,0,0
4921,2,0,2
4922,3,2,2
4923,4,4,4
4924,1,3,2
4925,4,4,4
4926,0,0,0
4927,2,2,2
4928,4,2,3
4929,1,0,1
4930,0,2,0
4931,3,2,2
4932,4,4,3
4933,3,4,2
4934,2,0,2
4935,3,4,2
4936,3,2,0
4937,4,4,2
4938,2,2,1
4939,2,1,1
4940,0,2,0
4941,2,4,3
4942,0,0,0
4943,3,0,2
4944,3,3,2
4945,4,4,3
4946,0,0,0
4947,2,3,4
4948,4,2,0
4949,2,0,0
4950,0,0,2
4951,0,0,0
4952,3,4,3
4953,4,4,4
4954,0,0,0
4955,4,4,2
4956,4,4,4
4957,3,0,0
4958,0,0,0
4959,4,4,4
4960,0,0,0
4961,2,2,2
4962,0,0,0
4963,3,2,2
4964,2,2,1
4965,4,4,4
4966,4,4,4
4967,4,3,2
4968,2,4,2
4969,2,4,2
4970,2,0,0
4971,3,3,2
4972,3,3,3
4973,3,4,2
4974,4,3,0
4975,2,4,2
4976,0,0,0
4977,0,0,0
4978,4,4,4
4979,4,4,4
4980,1,0,0
4981,0,0,0
4982,0,3,0
4983,2,2,0
4984,3,4,2
4985,3,4,2
4986,2,2,2
4987,0,2,1
4988,2,2,3
4989,3,2,2
4990,4,3,3
4991,2,0,0
4992,0,0,0
4993,2,0,0
4994,3,1,0
4995,4,4,3
4996,1,2,0
4997,1,3,0
4998,4,4,4
4999,0,0,0
5000,4,4,4
5001,4,4,4
5002,4,4,3
5003,4,4,4
5004,2,3,1
5005,1,0,0
5006,0,0,0
5007,3,4,3
5008,4,2,2
5009,4,2,3
5010,3,4,3
5011,3,2,2
5012,0,0,0
5013,4,4,4
5014,4,2,1
5015,3,4,2
5016,2,4,2
5017,4,4,3
5018,2,3,2
5019,2,0,0
5020,4,4,3
5021,0,0,0
5022,4,3,2
5023,3,4,3
5024,2,0,2
5025,0,0,0
5026,2,3,1
5027,2,0,0
5028,3,3,2
5029,0,0,0
5030,0,2,1
5031,4,4,4
5032,0,2,2
5033,4,4,3
5034,4,2,2
5035,4,4,3
5036,2,0,0
5037,0,1,0
5038,2,0,0
5039,3,4,3
5040,0,0,0
5041,2,4,2
5042,4,4,4
5043,2,0,0
5044,2,4,1
5045,4,2,2
5046,0,0,0
5047,4,2,3
5048,4,4,3
5049,2,0,0
5050,4,4,3
5051,0,2,1
5052,1,2,0
5053,4,3,2
5054,4,4,3
5055,3,2,2
5056,3,2,2
5057,4,4,4
5058,0,0,0
5059,4,1,1
5060,4,4,4
5061,4,4,4
5062,4,2,2
5063,2,0,2
5064,4,4,3
5065,0,0,0
5066,2,4,3
5067,4,3,3
5068,0,4,2
5069,0,0,0
5070,2,2,1
5071,0,0,0
5072,4,4,4
5073,0,0,0
5074,0,0,0
5075,4,2,3
5076,1,3,2
5077,4,0,2
5078,0,0,0
5079,0,0,0
5080,0,2,2
5081,3,2,1
5082,2,3,2
5083,4,3,3
5084,0,0,0
5085,4,4,4
5086,2,4,2
5087,4,4,4
5088,3,4,2
5089,3,3,1
5090,4,0,2
5091,0,0,0
5092,4,4,4
5093,0,0,0
5094,4,3,2
5095,4,1,2
5096,4,4,3
5097,2,4,2
5098,0,0,0
5099,2,0,0
5100,2,1,0
5101,3,2,3
5102,4,4,4
5103,0,0,0
5104,4,3,3
5105,4,4,3
5106,4,3,3
5107,2,3,2
5108,0,3,1
5109,0,0,0
5110,4,4,3
5111,2,4,2
5112,3,0,0
5113,3,4,3
5114,0,2,0
5115,4,2,3
5116,4,4,2
5117,4,4,1
5118,0,0,0
5119,4,4,4
5120,3,2,3
5121,4,4,3
5122,4,2,3
5123,0,0,0
5124,3,2,1
5125,2,4,3
5126,2,0,0
5127,0,0,0
5128,3,4,3
5129,4,4,4
5130,2,4,2
5131,0,0,0
5132,3,4,2
5133,0,0,0
5134,4,4,2
5135,4,4,4
5136,2,2,0
5137,3,3,2
5138,2,2,2
5139,2,3,2
5140,0,0,0
5141,2,0,0
5142,0,0,0
5143,2,3,3
5144,1,0,0
5145,4,4,4
5146,0,2,0
5147,1,0,0
5148,4,0,1
5149,4,3,2
5150,2,3,3
5151,2,0,0
5152,4,2,2
5153,4,4,4
5154,2,4,3
5155,0,0,0
5156,4,2,3
5157,1,4,3
5158,4,2,0
5159,2,3,2
5160,0,3,2
5161,1,3,2
5162,4,4,3
5163,4,4,4
5164,2,0,2
5165,4,4,2
5166,2,4,2
5167,0,0,0
5168,0,0,0
5169,0,0,1
5170,4,4,3
5171,2,2,2
5172,2,0,1
5173,4,4,4
5174,0,2,1
5175,1,4,2
5176,2,2,0
5177,4,0,1
5178,2,2,0
5179,1,0,0
5180,2,1,0
5181,4,3,2
5182,0,0,0
5183,4,4,3
5184,4,3,3
5185,0,0,0
5186,2,0,2
5187,3,4,3
5188,2,2,1
5189,0,0,0
5190,1,1,2
5191,2,2,2
5192,4,4,3
5193,1,1,1
5194,0,2,1
5195,2,0,1
5196,2,1,2
5197,2,3,3
5198,2,0,0
5199,0,0,0
5200,2,2,2
5201,3,4,2
5202,4,4,3
5203,4,4,3
5204,0,0,0
5205,3,3,1
5206,2,2,0
5207,4,4,3
5208,0,0,0
5209,3,4,3
5210,3,4,1
5211,4,2,0
5212,2,0,0
5213,2,2,0
5214,0,0,0
5215,4,2,2
5216,0,0,0
5217,2,3,1
5218,3,4,2
5219,4,4,3
5220,2,4,2
5221,3,0,1
5222,2,2,2
5223,3,2,1
5224,0,0,0
5225,1,0,0
5226,4,4,4
5227,2,4,3
5228,4,2,2
5229,0,0,0
5230,4,2,3
5231,0,0,0
5232,2,0,0
5233,0,2,1
5234,2,0,0
5235,3,2,2
5236,0,0,0
5237,4,4,4
5238,0,0,0
5239,2,2,0
5240,3,2,2
5241,2,2,0
5242,4,1,1
5243,3,2,2
5244,1,0,0
5245,2,2,2
5246,2,4,3
5247,0,0,0
5248,0,0,0
5249,0,2,1
5250,0,0,0
5251,0,0,0
5252,0,0,0
5253,0,0,0
5254,2,2,0
5255,4,4,3
5256,3,0,0
5257,0,0,0
5258,2,3,3
5259,3,4,2
5260,4,3,2
5261,3,4,2
5262,0,0,0
5263,0,0,0
5264,2,4,3
5265,2,0,1
5266,2,0,0
5267,0,2,0
5268,2,2,1
5269,0,2,2
5270,3,0,2
5271,4,4,4
5272,4,4,4
5273,0,2,0
5274,0,0,0
5275,4,3,3
5276,4,4,3
5277,4,3,2
5278,2,4,3
5279,4,3,2
5280,2,2,0
5281,4,4,4
5282,4,4,3
5283,0,4,3
5284,0,0,0
5285,2,4,2
5286,2,3,3
5287,4,4,3
5288,0,4,2
5289,4,4,3
5290,0,0,0
5291,3,2,3
5292,3,4,2
5293,2,4,2
5294,0,0,0
5295,2,2,0
5296,3,3,3
5297,2,2,1
5298,0,2,1
5299,2,4,3
5300,0,3,2
5301,0,0,0
5302,0,0,0
5303,0,0,0
5304,2,2,1
5305,0,0,1
5306,0,2,1
5307,0,2,0
5308,0,0,0
5309,4,4,4
5310,4,4,4
5311,4,3,3
5312,2,3,2
5313,4,4,4
5314,4,2,2
5315,4,2,3
5316,2,2,2
5317,0,1,0
5318,4,4,4
5319,2,4,2
5320,4,4,4
5321,0,2,2
5322,0,0,0
5323,2,4,3
5324,3,0,0
5325,3,4,2
5326,4,3,3
5327,2,0,1
5328,4,4,4
5329,4,4,3
5330,3,4,4
5331,4,4,4
5332,2,4,2
5333,3,2,1
5334,0,0,0
5335,3,4,3
5336,2,3,2
5337,4,2,2
5338,0,4,1
5339,4,4,3
5340,4,4,3
5341,2,4,3
5342,0,0,0
5343,4,4,3
5344,0,0,0
5345,0,0,0
5346,4,4,4
5347,3,0,0
5348,0,0,0
5349,0,0,0
5350,3,4,3
5351,4,4,3
5352,2,2,1
5353,1,0,0
5354,4,4,4
5355,3,3,2
5356,0,0,0
5357,4,4,4
5358,2,4,3
5359,3,1,2
5360,4,4,2
5361,1,2,2
5362,4,0,0
5363,4,4,3
5364,0,0,0
5365,4,4,4
5366,4,4,4
5367,2,3,1
5368,1,0,1
5369,2,0,0
5370,4,3,2
5371,4,4,4
5372,2,2,0
5373,0,0,0
5374,3,4,3
5375,0,0,0
5376,0,4,2
5377,0,0,0
5378,2,0,0
5379,3,0,0
5380,4,2,2
5381,4,4,3
5382,3,4,4
5383,4,4,3
5384,4,4,4
5385,4,4,3
5386,4,2,2
5387,2,0,2
5388,3,1,2
5389,0,0,0
5390,3,2,2
5391,0,0,0
5392,1,2,1
5393,3,2,1
5394,4,4,3
5395,2,2,0
5396,3,1,2
5397,4,4,3
5398,2,2,0
5399,4,4,3
5400,4,4,4
5401,0,2,1
5402,0,0,0
5403,4,2,2
5404,3,4,3
5405,0,2,0
5406,1,0,1
5407,0,0,0
5408,4,4,3
5409,3,1,1
5410,2,0,0
5411,0,0,0
5412,0,3,3
5413,4,2,2
5414,2,4,2
5415,4,2,2
5416,2,0,1
5417,4,4,3
5418,4,4,3
5419,2,4,1
5420,4,4,2
5421,4,4,4
5422,4,4,4
5423,2,0,0
5424,2,2,1
5425,3,2,1
5426,0,0,0
5427,2,2,1
5428,0,0,0
5429,4,4,3
5430,0,0,0
5431,4,4,3
5432,1,4,3
5433,4,3,3
5434,4,4,4
5435,4,4,3
5436,1,0,1
5437,4,0,0
5438,2,0,0
5439,0,0,0
5440,3,4,3
5441,2,2,0
5442,3,4,3
5443,3,2,2
5444,3,0,0
5445,0,0,0
5446,2,3,1
5447,2,2,2
5448,4,4,3
5449,0,0,0
5450,2,1,0
5451,0,0,0
5452,0,2,0
5453,4,3,3
5454,4,4,2
5455,3,3,2
5456,4,2,1
5457,4,4,4
5458,4,2,4
5459,2,4,3
5460,4,4,3
5461,4,4,2
5462,0,2,0
5463,3,4,2
5464,2,3,2
5465,4,0,0
5466,4,4,3
5467,0,0,0
5468,2,3,2
5469,1,4,3
5470,2,0,0
5471,4,4,4
5472,2,4,2
5473,4,3,3
5474,0,0,0
5475,4,4,3
5476,0,0,2
5477,0,0,0
5478,4,4,3
5479,2,3,2
5480,3,3,1
5481,2,0,0
5482,4,4,4
5483,1,4,1
5484,4,4,4
5485,4,4,3
5486,2,3,2
5487,0,4,3
5488,1,4,3
5489,0,0,0
5490,4,3,3
5491,1,0,0
5492,4,4,4
5493,4,4,3
5494,4,4,4
5495,2,0,0
5496,0,0,0
5497,2,2,1
5498,4,4,4
5499,2,0,0
5500,4,4,4
5501,4,4,4
5502,4,2,0
5503,2,2,2
5504,0,2,0
5505,2,2,3
5506,4,4,4
5507,3,4,3
5508,4,3,2
5509,0,2,1
5510,4,4,4
5511,4,0,3
5512,4,4,4
5513,1,0,0
5514,4,3,2
5515,2,3,1
5516,4,4,4
5517,1,0,0
5518,1,2,2
5519,0,3,2
5520,4,4,3
5521,4,4,2
5522,3,3,2
5523,0,2,3
5524,4,4,4
5525,0,0,0
5526,4,4,4
5527,2,3,2
5528,4,4,3
5529,4,4,3
5530,4,4,4
5531,4,3,4
5532,4,2,2
5533,4,4,4
5534,4,4,4
5535,4,2,3
5536,4,4,4
5537,4,2,2
5538,0,2,2
5539,0,0,0
5540,4,2,1
5541,0,0,0
5542,3,0,0
5543,4,3,2
5544,3,4,3
5545,4,4,3
5546,2,3,2
5547,0,0,0
5548,4,4,4
5549,1,4,2
5550,0,0,0
5551,3,4,2
5552,2,2,1
5553,4,4,3
5554,0,0,0
5555,4,4,4
5556,3,3,2
5557,0,0,0
5558,1,0,0
5559,2,0,1
5560,1,2,0
5561,0,0,0
5562,4,4,4
5563,2,1,2
5564,4,1,0
5565,0,2,0
5566,0,0,0
5567,4,4,4
5568,4,4,4
5569,0,0,0
5570,0,0,0
5571,2,2,2
5572,4,4,3
5573,4,4,3
5574,4,4,3
5575,2,2,1
5576,2,3,2
5577,4,1,2
5578,3,2,1
5579,0,2,0
5580,0,0,0
5581,4,2,3
5582,4,4,4
5583,4,4,3
5584,0,0,0
5585,4,4,4
5586,4,4,4
5587,4,4,2
5588,4,2,1
5589,4,3,2
5590,2,0,0
5591,4,2,2
5592,0,0,0
5593,4,3,3
5594,0,0,0
5595,4,4,4
5596,1,2,1
5597,3,4,3
5598,0,0,0
5599,2,0,0
5600,4,3,4
5601,4,4,4
5602,3,0,2
5603,4,4,4
5604,4,4,4
5605,4,0,0
5606,0,0,0
5607,3,3,2
5608,0,4,2
5609,4,4,3
5610,2,2,0
5611,0,3,0
5612,0,0,0
5613,2,0,0
5614,4,4,3
5615,4,4,4
5616,0,0,0
5617,2,2,1
5618,4,4,4
5619,2,2,0
5620,2,2,0
5621,4,4,4
5622,0,0,0
5623,4,4,3
5624,3,4,2
5625,4,4,4
5626,3,4,3
5627,0,1,0
5628,4,2,3
5629,0,0,0
5630,1,3,2
5631,1,0,0
5632,4,1,1
5633,4,4,3
5634,0,0,0
5635,1,2,1
5636,3,3,3
5637,4,4,3
5638,4,4,4
5639,4,4,3
5640,3,2,1
5641,4,4,4
5642,4,4,4
5643,3,4,2
5644,4,4,4
5645,2,3,2
5646,0,2,1
5647,4,4,4
5648,0,0,0
5649,4,4,4
5650,0,0,0
5651,1,2,1
5652,0,0,0
5653,0,0,0
5654,4,4,4
5655,4,4,3
5656,0,2,2
5657,0,2,0
5658,2,3,2
5659,0,0,0
5660,4,4,4
5661,4,4,4
5662,2,3,2
5663,0,1,0
5664,4,4,2
5665,2,0,2
5666,2,2,1
5667,0,0,0
5668,3,2,2
5669,3,2,2
5670,2,2,1
5671,4,3,2
5672,4,3,2
5673,3,3,1
5674,2,0,1
5675,3,4,2
5676,0,0,0
5677,4,4,3
5678,4,4,3
5679,3,0,2
5680,0,0,0
5681,4,4,3
5682,2,0,0
5683,4,3,3
5684,2,3,2
5685,2,4,4
5686,3,3,0
5687,0,2,2
5688,2,3,4
5689,0,0,0
5690,4,4,4
5691,2,0,0
5692,0,3,1
5693,1,0,0
5694,3,1,1
5695,3,1,2
5696,0,0,0
5697,2,2,3
5698,2,0,0
5699,0,0,0
5700,2,2,2
5701,0,0,0
5702,4,4,4
5703,4,4,3
5704,0,0,2
5705,0,0,0
5706,0,0,0
5707,4,4,3
5708,4,1,2
5709,4,4,3
5710,3,2,2
5711,2,1,2
5712,2,0,0
5713,0,0,2
5714,4,3,3
5715,4,4,3
5716,4,4,2
5717,0,4,2
5718,4,4,3
5719,4,2,4
5720,0,0,0
5721,2,0,1
5722,0,2,0
5723,4,0,0
5724,0,0,0
5725,3,3,2
5726,2,0,2
5727,2,2,2
5728,4,4,4
5729,0,0,0
5730,4,4,4
5731,4,4,2
5732,3,4,3
5733,4,4,3
5734,3,0,2
5735,4,4,4
5736,4,4,4
5737,4,4,4
5738,4,4,4
5739,4,4,3
5740,3,4,3
5741,4,0,1
5742,0,0,0
5743,1,0,0
5744,3,4,2
5745,4,4,4
5746,0,0,0
5747,0,0,0
5748,1,3,2
5749,2,4,3
5750,4,4,3
5751,4,4,4
5752,4,4,2
5753,3,3,2
5754,4,0,3
5755,2,2,2
5756,4,0,0
5757,0,0,0
5758,0,0,0
5759,2,0,0
5760,2,2,1
5761,4,4,4
5762,0,0,0
5763,0,0,0
5764,0,0,0
5765,2,2,1
5766,2,0,0
5767,0,2,0
5768,3,2,2
5769,1,4,2
5770,2,4,2
5771,3,0,2
5772,4,4,4
5773,4,0,1
5774,0,0,0
5775,1,2,0
5776,4,4,3
5777,0,0,0
5778,4,4,4
5779,4,0,1
5780,0,0,0
5781,0,2,0
5782,2,4,3
5783,4,4,4
5784,3,4,3
5785,4,2,2
5786,0,2,1
5787,1,0,0
5788,4,4,4
5789,4,4,3
5790,0,0,0
5791,2,0,1
5792,3,0,0
5793,0,0,0
5794,4,4,4
5795,0,0,0
5796,4,4,4
5797,0,0,0
5798,2,0,0
5799,3,4,2
5800,0,2,0
5801,4,4,4
5802,4,4,4
5803,0,0,0
5804,4,2,2
5805,3,2,2
5806,4,2,3
5807,4,4,3
5808,4,4,3
5809,2,4,3
5810,3,4,2
5811,3,3,2
5812,2,3,0
5813,0,0,0
5814,3,3,1
5815,3,3,4
5816,2,4,4
5817,3,2,2
5818,0,3,2
5819,2,4,2
5820,0,0,0
5821,4,4,3
5822,0,0,0
5823,2,2,2
5824,4,4,4
5825,1,0,0
5826,4,4,3
5827,0,2,2
5828,4,4,4
5829,2,3,1
5830,2,1,0
5831,4,2,3
5832,2,2,0
5833,1,0,0
5834,0,0,0
5835,4,4,4
5836,0,0,1
5837,3,4,3
5838,4,4,4
5839,0,3,2
5840,4,4,4
5841,0,3,1
5842,3,3,3
5843,4,2,1
5844,3,4,4
5845,0,4,0
5846,4,2,3
5847,2,0,1
5848,4,4,4
5849,4,4,4
5850,2,2,1
5851,0,0,0
5852,0,1,2
5853,2,3,2
5854,2,0,0
5855,0,2,0
5856,3,2,2
5857,0,0,0
5858,4,4,4
5859,4,4,2
5860,4,4,3
5861,4,2,3
5862,4,2,0
5863,4,4,4
5864,4,4,4
5865,1,0,0
5866,0,2,0
5867,4,4,3
5868,0,0,0
5869,4,4,4
5870,3,4,2
5871,4,4,3
5872,0,3,1
5873,2,2,0
5874,4,4,4
5875,0,0,0
5876,3,2,2
5877,3,0,0
5878,3,2,1
5879,4,4,3
5880,0,0,0
5881,2,0,0
5882,4,4,4
5883,0,0,0
5884,0,2,1
5885,0,0,0
5886,3,2,2
5887,2,4,1
5888,1,0,0
5889,4,4,3
5890,3,4,2
5891,2,1,1
5892,2,4,2
5893,4,4,4
5894,4,4,3
5895,4,4,4
5896,4,4,4
5897,2,2,0
5898,4,4,2
5899,0,0,0
5900,4,4,3
5901,2,0,0
5902,0,4,1
5903,4,4,2
5904,0,0,0
5905,2,3,2
5906,2,2,1
5907,0,0,0
5908,3,4,3
5909,1,0,0
5910,4,4,3
5911,0,0,0
5912,2,4,2
5913,4,3,2
5914,4,4,4
5915,2,2,2
5916,2,2,2
5917,3,3,2
5918,4,4,3
5919,2,1,2
5920,4,2,2
5921,3,4,4
5922,4,4,4
5923,0,0,0
5924,3,3,2
5925,3,4,4
5926,1,2,0
5927,2,2,2
5928,1,4,2
5929,4,4,2
5930,2,0,1
5931,4,4,4
5932,2,3,2
5933,3,3,1
5934,0,0,0
5935,2,0,0
5936,4,4,4
5937,3,3,2
5938,3,3,2
5939,4,4,4
5940,4,2,4
5941,2,0,0
5942,4,4,4
5943,0,0,2
5944,4,2,3
5945,1,2,1
5946,4,4,4
5947,2,4,2
5948,2,2,2
5949,2,2,0
5950,0,0,0
5951,4,3,2
5952,0,0,2
5953,0,0,0
5954,0,0,0
5955,0,0,0
5956,4,4,2
5957,3,2,0
5958,2,4,2
5959,4,0,0
5960,3,0,1
5961,2,2,3
5962,2,0,0
5963,0,0,0
5964,2,2,1
5965,2,2,0
5966,4,4,3
5967,0,0,0
5968,4,3,4
5969,0,0,0
5970,1,0,0
5971,4,4,3
5972,1,2,1
5973,4,4,3
5974,2,2,0
5975,3,3,2
5976,2,3,2
5977,4,4,3
5978,0,0,0
5979,2,3,2
5980,0,0,0
5981,0,0,0
5982,2,4,2
5983,2,0,0
5984,1,0,0
5985,1,3,2
5986,4,4,3
5987,4,4,4
5988,1,1,1
5989,0,0,0
5990,4,4,3
5991,3,3,2
5992,4,4,3
5993,0,0,0
5994,4,3,3
5995,0,0,0
5996,2,0,0
5997,4,4,3
5998,2,1,2
5999,4,4,4
6000,3,4,3
6001,2,0,0
6002,4,3,3
6003,2,2,0
6004,2,3,3
6005,2,2,2
6006,0,0,0
6007,2,2,0
6008,1,2,0
6009,4,4,4
6010,4,4,4
6011,4,4,3
6012,4,4,4
6013,0,1,0
6014,4,4,4
6015,1,2,0
6016,4,4,3
6017,4,4,2
6018,2,2,1
6019,4,4,3
6020,0,0,0
6021,4,2,2
6022,2,0,0
6023,4,4,4
6024,2,4,2
6025,0,0,0
6026,0,3,1
6027,4,2,3
6028,4,4,4
6029,0,0,0
6030,4,4,4
6031,0,0,0
6032,2,3,2
6033,0,1,0
6034,3,0,1
6035,4,4,3
6036,0,2,2
6037,4,4,4
6038,2,3,1
6039,4,4,3
6040,4,4,3
6041,2,3,2
6042,0,0,0
6043,3,0,0
6044,0,0,0
6045,1,0,0
6046,3,0,0
6047,4,4,3
6048,3,4,3
6049,4,4,4
6050,4,4,4
6051,4,4,4
6052,4,4,4
6053,3,1,1
6054,1,0,0
6055,3,4,3
6056,2,0,0
6057,3,4,4
6058,1,3,2
6059,4,4,4
6060,4,3,3
6061,2,4,0
6062,4,2,2
6063,4,2,3
6064,3,4,3
6065,0,0,0
6066,4,4,3
6067,3,0,2
6068,0,2,0
6069,0,0,0
6070,0,3,2
6071,0,0,0
6072,4,4,4
6073,4,4,4
6074,2,0,2
6075,0,0,2
6076,4,4,2
6077,2,4,3
6078,2,1,0
6079,0,0,0
6080,0,2,0
6081,3,3,3
6082,3,4,3
6083,2,0,0
6084,4,4,2
6085,4,4,3
6086,0,1,0
6087,3,3,2
6088,2,0,0
6089,0,0,0
6090,2,3,1
6091,2,0,2
6092,0,0,0
6093,4,4,3
6094,4,4,3
6095,2,2,0
6096,4,4,4
6097,4,4,3
6098,4,4,2
6099,1,2,1
6100,2,4,2
6101,0,0,0
6102,4,3,2
6103,3,2,1
6104,0,2,0
6105,2,2,2
6106,1,3,1
6107,4,3,1
6108,0,0,1
6109,3,3,2
6110,3,3,2
6111,0,0,0
6112,2,3,2
6113,0,0,0
6114,2,2,2
6115,2,0,0
6116,0,0,0
6117,2,4,3
6118,3,4,2
6119,3,4,3
6120,0,0,0
6121,0,0,0
6122,4,4,4
6123,4,4,4
6124,0,0,0
6125,2,3,1
6126,3,2,4
6127,2,2,0
6128,2,3,2
6129,4,4,2
6130,3,4,2
6131,4,2,2
6132,4,4,4
6133,0,2,0
6134,4,4,4
6135,4,3,2
6136,3,2,2
6137,3,0,0
6138,2,3,2
6139,0,3,0
6140,3,4,1
6141,4,2,2
6142,3,4,2
6143,2,2,0
6144,4,0,0
6145,4,4,4
6146,2,3,3
6147,4,2,3
6148,2,0,0
6149,2,0,0
6150,0,4,2
6151,0,0,0
6152,1,3,2
6153,0,3,0
6154,0,0,0
6155,4,4,3
6156,2,4,3
6157,3,4,3
6158,4,4,4
6159,0,0,0
6160,0,1,0
6161,2,2,1
6162,3,0,1
6163,2,0,0
6164,0,0,0
6165,3,2,3
6166,0,0,0
6167,4,4,4
6168,4,3,4
6169,3,4,1
6170,4,0,0
6171,4,4,4
6172,0,0,0
6173,4,0,0
6174,3,4,3
6175,4,4,3
6176,2,2,2
6177,2,1,1
6178,4,4,3
6179,0,0,0
6180,4,4,3
6181,4,4,3
6182,0,3,1
6183,4,3,3
6184,3,4,3
6185,2,1,0
6186,2,3,3
6187,2,2,2
6188,0,0,0
6189,4,3,2
6190,2,0,1
6191,2,4,1
6192,0,0,0
6193,0,4,2
6194,2,2,1
6195,0,0,0
6196,4,0,0
6197,1,0,0
6198,4,4,4
6199,4,4,3
6200,3,4,4
6201,4,4,3
6202,4,2,0
6203,3,2,0
6204,1,0,2
6205,0,0,0
6206,3,3,2
6207,3,0,1
6208,2,4,2
6209,2,4,3
6210,4,4,4
6211,0,0,0
6212,4,4,4
6213,4,3,2
6214,1,0,2
6215,2,0,0
6216,1,1,2
6217,2,0,0
6218,1,0,2
6219,4,4,4
6220,4,4,4
6221,4,4,3
6222,4,4,3
6223,0,0,0
6224,4,4,3
6225,0,3,1
6226,3,4,3
6227,2,0,0
6228,4,4,4
6229,4,4,3
6230,3,4,1
6231,4,4,4
6232,2,4,2
6233,2,2,0
6234,4,4,3
6235,2,2,2
6236,4,4,3
6237,4,4,3
6238,4,4,3
6239,2,4,1
6240,1,0,0
6241,4,4,3
6242,0,0,0
6243,4,4,0
6244,2,3,1
6245,0,0,0
6246,4,0,1
6247,4,3,2
6248,2,2,1
6249,4,4,2
6250,0,0,0
6251,4,4,4
6252,2,1,2
6253,1,3,3
6254,1,0,0
6255,4,3,2
6256,3,2,2
6257,2,4,2
6258,0,0,0
6259,2,4,2
6260,0,0,0
6261,3,4,3
6262,2,2,2
6263,1,0,0
6264,2,4,1
6265,4,2,2
6266,2,0,0
6267,3,4,3
6268,4,4,3
6269,3,3,3
6270,2,2,2
6271,4,0,1
6272,4,4,4
6273,0,0,0
6274,2,0,0
6275,2,1,2
6276,4,4,4
6277,4,4,4
6278,0,0,0
6279,0,4,2
6280,3,4,3
6281,2,1,0
6282,2,4,2
6283,4,2,2
6284,1,4,1
6285,3,3,2
6286,4,4,3
6287,0,0,0
6288,0,2,0
6289,3,3,3
6290,4,4,4
6291,0,4,0
6292,1,0,0
6293,0,0,0
6294,2,2,2
6295,2,2,2
6296,0,0,0
6297,2,4,2
6298,0,0,0
6299,4,0,1
6300,3,4,4
6301,2,4,3
6302,1,0,0
6303,0,0,2
6304,0,0,0
6305,4,4,3
6306,0,0,0
6307,3,3,3
6308,4,4,4
6309,4,4,2
6310,3,3,3
6311,0,0,0
6312,0,0,0
6313,0,0,0
6314,0,0,0
6315,4,4,4
6316,4,4,4
6317,4,0,0
6318,0,0,0
6319,0,0,0
6320,3,4,3
6321,2,2,1
6322,2,4,3
6323,2,4,3
6324,3,4,2
6325,2,3,1
6326,4,1,3
6327,4,4,4
6328,3,4,3
6329,0,0,0
6330,0,0,0
6331,2,2,2
6332,4,4,2
6333,0,0,0
6334,0,0,0
6335,0,0,0
6336,2,2,0
6337,0,0,0
6338,1,3,2
6339,3,3,2
6340,0,0,0
6341,4,4,3
6342,2,4,3
6343,3,0,0
6344,4,3,3
6345,1,1,1
6346,4,4,2
6347,4,2,3
6348,2,3,2
6349,2,2,2
6350,4,4,2
6351,2,0,4
6352,4,4,4
6353,0,0,0
6354,2,0,0
6355,2,4,3
6356,4,0,0
6357,0,2,0
6358,2,0,0
6359,4,3,2
6360,4,4,4
6361,2,3,1
6362,2,3,2
6363,0,0,0
6364,4,2,2
6365,0,0,0
6366,3,4,3
6367,1,0,0
6368,1,0,0
6369,4,2,2
6370,4,4,4
6371,0,0,4
6372,4,1,0
6373,3,3,3
6374,4,4,3
6375,0,0,0
6376,2,2,0
6377,3,2,2
6378,2,2,0
6379,2,2,2
6380,4,4,3
6381,4,4,4
6382,2,3,2
6383,3,2,0
6384,4,4,3
6385,4,3,3
6386,4,4,4
6387,3,3,2
6388,0,2,1
6389,2,3,2
6390,4,2,4
6391,4,4,4
6392,3,4,3
6393,3,0,0
6394,1,0,0
6395,2,2,1
6396,1,0,2
6397,4,4,2
6398,3,3,2
6399,3,4,2
6400,0,2,0
6401,3,3,2
6402,4,4,4
6403,3,4,4
6404,1,0,1
6405,4,1,2
6406,0,0,0
6407,4,2,3
6408,2,3,2
6409,0,2,0
6410,2,4,2
6411,4,4,3
6412,2,4,2
6413,4,3,3
6414,0,0,0
6415,4,4,4
6416,2,0,1
6417,4,0,2
6418,4,4,3
6419,0,0,0
6420,4,3,2
6421,0,0,0
6422,0,0,0
6423,2,3,2
6424,0,0,0
6425,1,0,0
6426,2,2,3
6427,4,4,3
6428,1,2,2
6429,4,4,4
6430,3,4,2
6431,2,3,4
6432,4,4,4
6433,2,3,1
6434,4,4,3
6435,4,3,1
6436,4,4,4
6437,3,4,3
6438,2,2,2
6439,4,2,3
6440,4,0,0
6441,3,0,2
6442,2,3,1
6443,1,0,0
6444,0,0,0
6445,2,2,2
6446,0,0,0
6447,0,0,0
6448,3,4,1
6449,4,0,1
6450,3,0,0
6451,4,3,3
6452,3,3,2
6453,4,4,2
6454,2,3,2
6455,0,0,0
6456,3,3,3
6457,2,3,2
6458,4,4,4
6459,4,4,3
6460,1,0,0
6461,3,3,3
6462,1,3,2
6463,4,4,3
6464,0,0,0
6465,0,3,2
6466,0,0,0
6467,4,4,3
6468,0,0,0
6469,2,0,0
6470,0,2,1
6471,4,3,3
6472,2,2,2
6473,1,0,0
6474,3,0,0
6475,0,0,0
6476,2,0,3
6477,2,0,0
6478,1,0,0
6479,3,2,2
6480,0,0,0
6481,1,0,0
6482,2,3,2
6483,4,4,4
6484,4,4,4
6485,3,4,2
6486,4,4,2
6487,0,0,0
6488,0,0,0
6489,4,2,3
6490,4,3,2
6491,2,2,2
6492,0,0,0
6493,4,4,4
6494,2,3,2
6495,3,4,4
6496,2,4,2
6497,1,2,2
6498,0,0,0
6499,2,4,2
6500,4,3,2
6501,4,4,4
6502,2,2,1
6503,3,4,3
6504,4,3,4
6505,3,0,2
6506,3,0,0
6507,4,4,4
6508,0,0,0
6509,2,3,2
6510,3,4,2
6511,1,0,0
6512,4,2,3
6513,0,4,1
6514,3,2,0
6515,0,0,0
6516,3,2,2
6517,4,2,3
6518,4,0,0
6519,2,3,2
6520,2,2,2
6521,4,4,4
6522,3,2,2
6523,1,0,0
6524,0,0,2
6525,2,4,3
6526,2,0,3
6527,2,0,1
6528,4,4,3
6529,1,2,2
6530,0,2,0
6531,0,0,1
6532,0,0,0
6533,2,2,0
6534,0,0,0
6535,0,0,0
6536,3,0,2
6537,0,0,0
6538,0,0,0
6539,4,4,3
6540,4,3,3
6541,4,4,4
6542,0,0,0
6543,2,2,1
6544,0,0,0
6545,2,1,1
6546,4,4,3
6547,0,0,0
6548,0,0,0
6549,4,4,3
6550,0,0,0
6551,1,2,1
6552,2,0,1
6553,2,2,2
6554,0,0,0
6555,3,2,2
6556,4,4,3
6557,4,0,0
6558,2,0,3
6559,3,4,3
6560,0,0,0
6561,3,4,3
6562,0,0,0
6563,0,0,0
6564,0,0,0
6565,1,2,2
6566,0,0,0
6567,2,3,1
6568,2,0,0
6569,0,0,0
6570,1,3,0
6571,4,4,3
6572,3,3,3
6573,2,3,2
6574,4,2,2
6575,0,0,0
6576,2,2,2
6577,0,0,0
6578,4,4,3
6579,4,3,1
6580,0,0,0
6581,0,1,1
6582,4,3,3
6583,4,2,2
6584,0,0,0
6585,4,4,4
6586,4,4,4
6587,4,3,2
6588,2,0,0
6589,4,4,4
6590,2,1,0
6591,2,0,0
6592,2,0,0
6593,4,2,1
6594,0,0,0
6595,4,4,4
6596,1,0,2
6597,4,2,2
6598,4,4,3
6599,2,2,3
6600,4,4,4
6601,0,0,0
6602,1,0,0
6603,4,0,0
6604,3,2,0
6605,2,4,3
6606,4,4,4
6607,4,1,2
6608,4,4,4
6609,0,0,0
6610,2,3,2
6611,2,4,1
6612,4,3,2
6613,2,0,0
6614,2,2,1
6615,4,3,2
6616,1,0,0
6617,4,4,4
6618,0,0,0
6619,2,0,0
6620,1,0,0
6621,0,0,0
6622,4,3,2
6623,2,2,0
6624,3,2,2
6625,4,0,0
6626,1,4,2
6627,3,4,2
6628,4,4,3
6629,0,0,0
6630,0,0,0
6631,4,3,3
6632,0,0,0
6633,1,1,0
6634,0,0,0
6635,0,0,0
6636,1,0,0
6637,0,0,1
6638,3,4,4
6639,0,2,3
6640,4,3,3
6641,4,4,3
6642,3,4,3
6643,0,0,0
6644,2,1,2
6645,4,0,2
6646,0,0,0
6647,3,4,2
6648,2,0,1
6649,0,0,0
6650,4,0,1
6651,2,4,2
6652,1,3,1
6653,4,4,3
6654,1,0,2
6655,4,4,3
6656,2,1,0
6657,2,0,0
6658,4,4,2
6659,0,0,0
6660,2,4,3
6661,4,3,4
6662,2,4,3
6663,0,0,0
6664,1,0,1
6665,3,4,3
6666,2,2,0
6667,0,0,0
6668,4,2,4
6669,1,2,0
6670,0,0,0
6671,3,4,3
6672,0,2,0
6673,4,2,3
6674,4,4,3
6675,3,2,2
6676,4,4,2
6677,4,3,2
6678,3,4,2
6679,4,4,3
6680,0,0,0
6681,0,0,0
6682,2,2,1
6683,2,3,1
6684,0,0,0
6685,4,4,4
6686,2,0,0
6687,4,4,3
6688,4,4,3
6689,0,0,0
6690,0,0,0
6691,2,2,1
6692,4,4,3
6693,4,1,3
6694,0,0,1
6695,3,2,2
6696,4,3,2
6697,0,0,0
6698,0,0,0
6699,3,3,2
6700,1,0,0
6701,2,0,0
6702,2,2,1
6703,0,2,1
6704,0,2,0
6705,4,4,4
6706,4,4,2
6707,0,0,0
6708,0,0,0
6709,1,4,3
6710,0,0,0
6711,2,3,3
6712,0,0,0
6713,3,3,2
6714,4,4,4
6715,4,4,4
6716,1,0,4
6717,3,4,2
6718,4,4,4
6719,0,0,0
6720,1,0,0
6721,3,2,0
6722,0,3,2
6723,4,3,1
6724,2,4,1
6725,4,4,4
6726,0,0,0
6727,4,4,3
6728,4,3,2
6729,4,4,4
6730,4,2,2
6731,0,0,0
6732,2,2,2
6733,0,3,2
6734,0,0,0
6735,4,4,4
6736,0,0,0
6737,0,2,0
6738,4,4,4
6739,3,4,2
6740,4,4,3
6741,4,2,1
6742,2,4,2
6743,0,0,0
6744,3,2,2
6745,4,4,4
6746,3,2,2
6747,2,0,1
6748,2,1,0
6749,0,0,0
6750,3,4,2
6751,2,4,3
6752,4,2,3
6753,2,4,4
6754,0,0,0
6755,3,2,3
6756,4,2,3
6757,4,4,3
6758,0,0,0
6759,4,4,4
6760,0,1,2
6761,4,4,2
6762,4,4,3
6763,4,4,3
6764,0,0,0
6765,0,0,0
6766,2,2,3
6767,0,0,0
6768,3,2,2
6769,3,0,2
6770,3,4,4
6771,3,0,0
6772,3,4,3
6773,2,3,2
6774,2,2,2
6775,4,4,4
6776,4,4,4
6777,4,2,2
6778,0,0,0
6779,4,4,4
6780,3,0,0
6781,2,2,2
6782,3,0,0
6783,0,0,2
6784,2,4,3
6785,0,1,2
6786,4,4,4
6787,4,2,2
6788,2,3,2
6789,3,4,2
6790,0,0,0
6791,2,2,1
6792,4,4,4
6793,0,0,0
6794,0,0,0
6795,2,4,3
6796,2,2,0
6797,3,0,1
6798,1,0,1
6799,2,2,0
6800,3,0,1
6801,0,0,0
6802,0,0,0
6803,0,3,2
6804,1,2,1
6805,4,4,2
6806,4,0,2
6807,4,4,4
6808,3,0,2
6809,0,0,2
6810,4,3,3
6811,0,0,0
6812,4,4,4
6813,2,1,0
6814,0,0,0
6815,4,4,4
6816,3,3,2
6817,4,2,4
6818,4,3,2
6819,0,0,0
6820,3,4,3
6821,4,4,4
6822,0,3,2
6823,4,4,3
6824,0,2,1
6825,2,0,0
6826,4,3,2
6827,4,0,3
6828,4,4,4
6829,4,4,4
6830,2,4,2
6831,4,4,4
6832,0,0,0
6833,3,4,4
6834,4,4,3
6835,2,2,2
6836,0,0,0
6837,4,4,2
6838,4,2,3
6839,1,0,1
6840,0,2,2
6841,0,0,0
6842,2,2,1
6843,4,3,2
6844,2,2,0
6845,3,4,2
6846,4,4,3
6847,1,2,0
6848,4,2,0
6849,0,0,0
6850,4,4,4
6851,4,4,4
6852,3,2,2
6853,2,2,2
6854,0,0,0
6855,1,2,0
6856,0,0,0
6857,4,2,2
6858,2,3,1
6859,4,4,4
6860,0,0,0
6861,3,4,4
6862,4,2,3
6863,4,4,4
6864,4,4,2
6865,2,2,1
6866,4,4,4
6867,3,4,3
6868,0,2,1
6869,2,2,0
6870,3,2,2
6871,3,4,2
6872,0,0,0
6873,0,0,0
6874,4,4,3
6875,4,4,3
6876,0,0,0
6877,2,3,2
6878,3,4,2
6879,2,3,1
6880,4,4,4
6881,4,4,3
6882,2,4,4
6883,2,0,2
6884,0,0,0
6885,4,4,4
6886,3,4,0
6887,2,3,1
6888,3,2,3
6889,4,4,4
6890,2,1,1
6891,0,0,0
6892,4,4,3
6893,4,4,4
6894,0,0,0
6895,4,4,3
6896,4,4,4
6897,1,0,0
6898,2,2,3
6899,3,0,0
6900,3,0,0
6901,2,0,0
6902,4,4,2
6903,4,4,4
6904,1,0,0
6905,2,4,2
6906,2,3,2
6907,3,2,2
6908,2,2,0
6909,4,3,2
6910,1,0,0
6911,2,4,3
6912,3,0,0
6913,4,4,4
6914,2,2,2
6915,4,4,3
6916,2,0,2
6917,4,4,4
6918,1,0,0
6919,0,0,0
6920,4,4,4
6921,4,2,2
6922,2,4,2
6923,4,0,1
6924,0,0,0
6925,2,0,0
6926,0,0,0
6927,4,2,2
6928,4,4,3
6929,0,0,0
6930,4,0,0
6931,4,2,3
6932,0,0,0
6933,3,3,2
6934,4,3,4
6935,3,2,2
6936,1,3,2
6937,4,3,3
6938,0,2,2
6939,2,4,1
6940,4,4,2
6941,3,0,2
6942,3,2,4
6943,3,2,2
6944,0,0,0
6945,3,4,3
6946,4,4,4
6947,1,2,1
6948,2,3,2
6949,4,4,3
6950,0,0,0
6951,1,3,4
6952,0,2,1
6953,4,3,3
6954,3,2,2
6955,2,0,1
6956,0,0,0
6957,4,4,3
6958,4,0,1
6959,4,2,3
6960,2,4,0
6961,4,4,3
6962,4,3,2
6963,2,0,0
6964,4,4,4
6965,0,0,0
6966,0,0,0
6967,3,4,4
6968,4,4,3
6969,0,0,0
6970,4,4,4
6971,0,0,0
6972,4,4,2
6973,0,0,0
6974,4,2,1
6975,4,4,4
6976,2,4,3
6977,3,2,3
6978,4,4,4
6979,2,2,0
6980,3,3,2
6981,3,0,2
6982,4,4,4
6983,2,2,1
6984,4,2,1
6985,0,0,0
6986,0,0,1
6987,4,4,4
6988,2,2,2
6989,3,1,2
6990,4,3,3
6991,2,0,0
6992,0,0,0
6993,0,0,0
6994,0,0,0
6995,3,1,1
6996,2,2,0
6997,4,2,2
6998,0,0,0
6999,3,2,2
7000,4,4,3
7001,2,2,0
7002,2,3,2
7003,2,2,0
7004,4,2,0
7005,4,4,2
7006,2,1,2
7007,4,4,4
7008,4,4,3
7009,4,4,4
7010,4,4,3
7011,4,1,2
7012,4,4,3
7013,0,0,0
7014,4,4,4
7015,2,0,0
7016,3,2,2
7017,3,3,2
7018,3,2,2
7019,0,0,0
7020,4,4,2
7021,2,3,1
7022,0,0,2
7023,4,4,4
7024,3,3,2
7025,4,3,2
7026,0,0,0
7027,4,2,3
7028,0,0,1
7029,4,2,2
7030,0,0,0
7031,4,4,4
7032,3,4,3
7033,3,3,1
7034,4,1,2
7035,4,2,2
7036,4,4,4
7037,3,0,2
7038,4,4,4
7039,3,1,1
7040,1,0,2
7041,2,2,4
7042,0,0,0
7043,2,1,2
7044,0,0,0
7045,4,2,3
7046,4,3,3
7047,0,0,0
7048,4,4,4
7049,2,4,3
7050,0,0,0
7051,2,3,1
7052,3,3,2
7053,1,0,0
7054,1,0,0
7055,4,4,4
7056,3,0,0
7057,0,2,1
7058,4,4,4
7059,3,4,3
7060,4,0,0
7061,2,4,2
7062,2,4,2
7063,2,2,3
7064,4,3,3
7065,2,2,3
7066,0,0,0
7067,4,4,4
7068,4,0,0
7069,0,0,0
7070,4,0,3
7071,2,2,0
7072,4,4,4
7073,0,0,0
7074,4,4,3
7075,4,4,4
7076,3,3,1
7077,4,4,2
7078,4,4,3
7079,4,4,4
7080,4,4,3
7081,2,3,2
7082,2,2,1
7083,0,0,0
7084,3,2,2
7085,0,0,0
7086,2,3,2
7087,3,3,2
7088,4,4,3
7089,2,1,0
7090,2,0,0
7091,4,4,3
7092,4,4,2
7093,0,1,0
7094,1,0,1
7095,0,0,0
7096,3,3,2
7097,0,0,0
7098,2,2,2
7099,4,4,3
7100,4,4,4
7101,4,3,3
7102,2,2,0
7103,4,2,3
7104,2,1,3
7105,4,4,2
7106,4,4,4
7107,4,2,3
7108,4,4,4
7109,3,4,3
7110,4,0,0
7111,3,2,2
7112,4,4,4
7113,4,1,1
7114,2,3,0
7115,4,4,3
7116,3,2,2
7117,4,4,4
7118,4,2,3
7119,0,0,0
7120,0,4,2
7121,0,0,0
7122,0,0,0
7123,4,2,2
7124,2,0,0
7125,0,0,0
7126,0,0,0
7127,2,4,2
7128,0,2,1
7129,1,0,0
7130,0,0,0
7131,0,2,2
7132,0,0,0
7133,1,0,0
7134,4,4,3
7135,4,4,4
7136,4,4,4
7137,2,2,0
7138,4,4,4
7139,4,4,4
7140,4,4,3
7141,2,2,0
7142,1,3,3
7143,0,0,0
7144,1,3,3
7145,2,0,0
7146,0,0,0
7147,4,4,3
7148,2,3,2
7149,0,0,0
7150,2,0,0
7151,0,0,1
7152,3,3,2
7153,0,0,0
7154,4,4,3
7155,4,0,2
7156,2,3,2
7157,0,0,0
7158,4,3,3
7159,4,4,4
7160,0,0,0
7161,3,4,2
7162,3,0,0
7163,0,2,3
7164,4,4,3
7165,4,4,3
7166,0,0,0
7167,2,0,0
7168,0,3,3
7169,0,0,0
7170,1,1,0
7171,3,2,2
7172,2,0,1
7173,4,4,4
7174,2,2,2
7175,4,4,3
7176,2,0,1
7177,4,4,2
7178,2,2,1
7179,4,0,0
7180,4,4,4
7181,2,2,0
7182,2,3,2
7183,4,0,0
7184,0,0,0
7185,2,0,0
7186,2,4,3
7187,2,3,1
7188,4,2,3
7189,4,2,0
7190,0,0,0
7191,2,2,2
7192,4,4,3
7193,4,2,3
7194,0,0,0
7195,4,4,2
7196,2,4,2
7197,4,4,4
7198,3,0,3
7199,0,0,0
7200,0,0,0
7201,4,4,4
7202,0,0,0
7203,0,0,0
7204,1,2,2
7205,4,4,3
7206,4,4,3
7207,2,3,1
7208,2,2,1
7209,4,4,4
7210,4,2,2
7211,0,0,0
7212,4,2,2
7213,0,3,1
7214,2,2,0
7215,2,4,2
7216,0,0,0
7217,0,0,0
7218,0,2,0
7219,4,2,3
7220,2,0,0
7221,4,4,3
7222,2,3,2
7223,0,2,1
7224,2,0,1
7225,4,4,3
7226,2,4,3
7227,0,0,0
7228,4,4,3
7229,0,0,0
7230,2,2,0
7231,4,2,0
7232,1,0,0
7233,4,4,4
7234,4,4,3
7235,4,4,4
7236,3,4,2
7237,4,4,4
7238,4,4,4
7239,4,3,2
7240,1,3,0
7241,2,0,1
7242,4,4,2
7243,4,4,3
7244,0,2,2
7245,0,0,0
7246,2,2,0
7247,2,2,2
7248,2,3,2
7249,3,3,2
7250,2,2,3
7251,1,4,1
7252,3,3,2
7253,4,2,2
7254,0,2,1
7255,4,4,2
7256,4,4,4
7257,1,0,0
7258,3,4,3
7259,3,3,2
7260,0,0,0
7261,4,4,4
7262,1,0,0
7263,0,0,0
7264,4,4,4
7265,2,1,1
7266,2,2,1
7267,4,4,4
7268,3,4,2
7269,0,0,0
7270,4,3,1
7271,0,0,0
7272,4,3,4
7273,3,4,2
7274,2,2,2
7275,2,0,1
7276,1,0,0
7277,4,4,4
7278,2,0,0
7279,4,3,3
7280,3,0,2
7281,4,2,0
7282,0,2,0
7283,4,4,2
7284,0,0,0
7285,0,0,1
7286,4,2,0
7287,2,3,2
7288,4,4,2
7289,3,4,2
7290,3,2,2
7291,2,3,2
7292,4,4,3
7293,2,3,2
7294,4,4,4
7295,4,4,3
7296,4,4,3
7297,4,4,4
7298,4,4,3
7299,4,4,4
7300,0,0,0
7301,2,0,0
7302,3,3,2
7303,2,2,0
7304,3,3,3
7305,4,4,4
7306,2,2,3
7307,2,0,0
7308,2,0,0
7309,4,4,4
7310,4,3,1
7311,0,3,0
7312,4,4,4
7313,0,2,2
7314,3,4,2
7315,2,4,2
7316,2,3,2
7317,4,4,4
7318,0,0,0
7319,4,3,0
7320,4,2,4
7321,4,4,3
7322,2,0,3
7323,4,1,2
7324,0,2,0
7325,1,2,1
7326,4,4,4
7327,0,0,0
7328,0,0,0
7329,1,2,2
7330,4,2,0
7331,4,4,4
7332,4,4,3
7333,2,3,2
7334,0,0,1
7335,0,0,0
7336,2,3,1
7337,4,4,3
7338,3,4,3
7339,3,4,2
7340,2,4,3
7341,3,4,2
7342,3,4,4
7343,4,4,3
7344,3,0,0
7345,3,4,4
7346,3,4,3
7347,4,3,2
7348,4,4,3
7349,0,0,0
7350,4,4,2
7351,3,4,2
7352,4,4,4
7353,4,4,3
7354,2,4,3
7355,0,0,0
7356,3,4,3
7357,4,4,4
7358,0,2,0
7359,1,2,2
7360,1,0,2
7361,4,4,2
7362,4,4,3
7363,2,0,0
7364,0,3,0
7365,0,0,0
7366,4,2,3
7367,4,4,2
7368,4,4,3
7369,2,4,2
7370,4,4,4
7371,4,2,3
7372,3,2,2
7373,2,0,2
7374,4,4,4
7375,3,4,2
7376,0,0,0
7377,3,3,3
7378,4,4,3
7379,3,4,3
7380,4,4,4
7381,4,4,2
7382,2,2,0
7383,0,2,2
7384,3,2,2
7385,0,2,2
7386,0,0,0
7387,0,0,0
7388,0,0,1
7389,0,0,0
7390,4,4,4
7391,0,0,0
7392,4,4,4
7393,4,0,0
7394,4,4,3
7395,4,4,3
7396,3,3,2
7397,0,0,0
7398,2,3,2
7399,4,4,4
7400,2,4,3
7401,4,4,4
7402,0,0,0
7403,2,2,1
7404,4,3,2
7405,2,2,2
7406,0,0,0
7407,2,2,1
7408,4,4,2
7409,3,3,3
7410,2,2,1
7411,0,0,0
7412,4,4,4
7413,4,2,3
7414,2,3,2
7415,0,0,0
7416,2,4,0
7417,0,2,1
7418,1,2,1
7419,4,1,1
7420,0,0,0
7421,3,0,2
7422,0,0,1
7423,4,4,3
7424,4,4,3
7425,0,0,1
7426,0,2,0
7427,0,0,0
7428,4,4,4
7429,4,4,4
7430,4,4,3
7431,1,0,2
7432,4,4,4
7433,0,0,0
7434,4,0,2
7435,4,4,4
7436,4,4,4
7437,2,1,1
7438,3,2,2
7439,3,2,1
7440,2,3,0
7441,2,4,3
7442,4,4,4
7443,2,0,0
7444,4,2,0
7445,0,0,0
7446,0,0,0
7447,3,1,0
7448,4,2,3
7449,4,4,4
7450,4,4,4
7451,0,0,0
7452,2,2,1
7453,3,3,2
7454,1,0,0
7455,4,4,2
7456,0,0,0
7457,4,4,4
7458,4,0,2
7459,2,0,1
7460,3,4,3
7461,0,0,1
7462,1,3,3
7463,2,0,0
7464,0,2,0
7465,2,2,2
7466,4,0,1
7467,1,3,1
7468,1,1,0
7469,4,3,3
7470,1,0,2
7471,2,2,0
7472,2,4,3
7473,4,0,1
7474,0,0,0
7475,2,2,2
7476,2,4,3
7477,3,4,2
7478,3,0,1
7479,4,4,2
7480,0,0,0
7481,3,3,2
7482,4,4,2
7483,2,3,1
7484,2,4,2
7485,4,2,2
7486,0,2,0
7487,0,0,0
7488,3,2,2
7489,1,0,0
7490,2,2,2
7491,2,4,1
7492,4,4,4
7493,0,0,0
7494,0,2,2
7495,2,2,3
7496,2,4,2
7497,2,3,2
7498,3,3,3
7499,2,2,0
7500,4,4,2
7501,2,4,2
7502,3,3,1
7503,3,2,1
7504,2,4,3
7505,0,0,0
7506,2,3,2
7507,2,3,1
7508,4,3,3
7509,4,4,3
7510,0,0,0
7511,0,2,0
7512,2,0,2
7513,2,0,2
7514,2,2,0
7515,3,4,2
7516,4,3,2
7517,0,0,0
7518,4,4,4
7519,4,4,4
7520,4,4,3
7521,3,4,2
7522,3,4,3
7523,0,0,0
7524,3,4,2
7525,0,0,0
7526,1,0,0
7527,4,4,4
7528,0,0,0
7529,0,0,0
7530,3,2,3
7531,2,1,1
7532,4,4,4
7533,1,3,2
7534,1,2,1
7535,0,1,1
7536,4,4,3
7537,4,2,3
7538,4,4,4
7539,2,0,0
7540,3,2,4
7541,4,4,4
7542,0,0,0
7543,4,4,4
7544,4,4,3
7545,0,2,0
7546,0,0,0
7547,2,0,0
7548,0,0,0
7549,2,4,3
7550,4,4,4
7551,4,0,0
7552,4,2,3
7553,4,3,3
7554,1,3,2
7555,2,2,2
7556,3,4,4
7557,4,4,4
7558,0,0,0
7559,2,4,2
7560,4,4,3
7561,0,2,1
7562,0,0,0
7563,4,4,4
7564,3,3,4
7565,0,4,3
7566,3,4,2
7567,2,3,3
7568,0,0,0
7569,4,2,1
7570,0,0,0
7571,4,4,3
7572,2,0,0
7573,4,2,2
7574,2,2,2
7575,2,0,1
7576,4,4,4
7577,3,3,2
7578,4,4,3
7579,4,4,3
7580,2,3,2
7581,4,4,4
7582,2,0,0
7583,4,4,0
7584,4,2,3
7585,4,4,3
7586,3,4,2
7587,3,4,2
7588,2,3,3
7589,0,0,0
7590,2,3,2
7591,3,4,2
7592,0,0,0
7593,4,2,0
7594,4,4,3
7595,0,0,0
7596,2,0,0
7597,4,4,4
7598,3,4,3
7599,4,4,4
7600,4,4,4
7601,1,2,0
7602,4,2,3
7603,3,4,4
7604,1,4,2
7605,4,4,4
7606,4,4,4
7607,2,0,1
7608,4,4,3
7609,3,2,2
7610,0,0,0
7611,2,0,3
7612,2,4,3
7613,3,4,2
7614,3,4,3
7615,2,0,1
7616,4,4,4
7617,4,4,3
7618,3,0,0
7619,2,2,2
7620,0,0,0
7621,1,4,2
7622,4,2,4
7623,3,4,3
7624,2,2,0
7625,0,0,0
7626,3,4,3
7627,1,0,0
7628,0,0,0
7629,4,4,3
7630,2,2,0
7631,2,2,1
7632,3,3,2
7633,2,2,1
7634,4,4,3
7635,2,3,1
7636,2,0,0
7637,2,0,2
7638,4,4,3
7639,0,0,0
7640,2,0,1
7641,2,2,0
7642,2,0,0
7643,0,0,0
7644,4,3,2
7645,0,3,2
7646,2,2,1
7647,4,2,3
7648,4,0,1
7649,4,0,2
7650,0,0,0
7651,0,0,0
7652,0,0,0
7653,2,1,0
7654,4,4,3
7655,1,0,1
7656,3,4,2
7657,2,2,2
7658,3,2,3
7659,1,0,0
7660,0,0,0
7661,1,0,0
7662,4,4,3
7663,1,2,2
7664,0,0,0
7665,0,0,0
7666,4,2,3
7667,4,4,3
7668,4,2,2
7669,4,3,2
7670,2,3,2
7671,4,2,3
7672,3,2,1
7673,2,3,2
7674,4,1,2
7675,0,0,0
7676,0,0,0
7677,2,2,1
7678,4,4,2
7679,3,4,4
7680,0,2,0
7681,4,1,3
7682,4,0,3
7683,3,2,2
7684,4,4,4
7685,4,2,3
7686,4,4,3
7687,4,4,4
7688,0,0,1
7689,4,4,4
7690,2,3,2
7691,1,2,2
7692,0,0,0
7693,0,0,0
7694,2,2,0
7695,4,4,3
7696,4,4,3
7697,1,0,0
7698,4,4,3
7699,2,4,3
7700,2,3,2
7701,4,4,4
7702,3,4,3
7703,2,1,0
7704,0,2,1
7705,2,2,0
7706,1,4,4
7707,0,0,0
7708,0,0,0
7709,2,0,2
7710,2,4,2
7711,4,4,2
7712,2,2,2
7713,0,3,3
7714,2,2,2
7715,4,4,3
7716,2,2,0
7717,0,2,0
7718,0,0,0
7719,4,4,4
7720,3,3,3
7721,0,0,0
7722,0,0,0
7723,4,4,3
7724,0,2,1
7725,3,4,3
7726,3,4,2
7727,3,2,0
7728,4,4,4
7729,3,4,3
7730,4,4,4
7731,4,2,2
7732,4,4,3
7733,0,4,3
7734,2,3,3
7735,2,4,3
7736,0,0,0
7737,0,0,0
7738,0,0,0
7739,2,2,2
7740,2,2,2
7741,3,2,0
7742,4,4,3
7743,0,2,0
7744,0,0,0
7745,4,4,3
7746,3,4,2
7747,2,1,3
7748,4,3,2
7749,4,3,2
7750,4,4,3
7751,4,4,3
7752,4,0,1
7753,2,3,2
7754,2,4,2
7755,4,4,3
7756,2,3,1
7757,3,4,3
7758,2,1,2
7759,0,0,0
7760,0,0,0
7761,0,0,0
7762,0,0,0
7763,4,4,4
7764,4,3,2
7765,0,0,0
7766,2,0,0
7767,0,2,0
7768,4,2,2
7769,0,0,0
7770,0,0,0
7771,2,0,0
7772,4,2,3
7773,0,2,1
7774,0,0,0
7775,2,2,1
7776,3,0,1
7777,2,2,2
7778,2,1,1
7779,2,4,4
7780,4,4,3
7781,4,4,4
7782,1,2,1
7783,3,3,2
7784,4,4,4
7785,0,0,0
7786,0,2,2
7787,4,2,1
7788,2,2,2
7789,2,4,2
7790,1,0,0
7791,4,4,3
7792,2,4,3
7793,3,0,1
7794,3,3,2
7795,0,2,0
7796,4,4,3
7797,4,4,4
7798,0,0,0
7799,3,4,4
7800,2,0,0
7801,2,0,0
7802,4,4,4
7803,2,2,1
7804,4,3,2
7805,4,4,3
7806,4,4,4
7807,4,0,3
7808,4,4,4
7809,2,2,1
7810,0,0,0
7811,4,4,3
7812,2,3,1
7813,4,4,3
7814,3,4,3
7815,4,4,1
7816,4,4,3
7817,4,4,3
7818,4,2,2
7819,4,4,2
7820,4,3,4
7821,0,0,0
7822,0,2,0
7823,2,4,0
7824,4,2,0
7825,4,4,4
7826,0,0,0
7827,3,4,3
7828,0,0,0
7829,4,2,3
7830,4,0,2
7831,4,4,4
7832,4,4,3
7833,2,2,1
7834,0,0,0
7835,4,4,2
7836,3,0,0
7837,4,4,4
7838,2,2,1
7839,0,0,0
7840,4,4,4
7841,4,4,3
7842,1,4,2
7843,0,0,0
7844,0,0,0
7845,4,4,3
7846,4,4,4
7847,0,0,0
7848,0,2,2
7849,3,1,3
7850,2,3,2
7851,0,0,0
7852,3,4,3
7853,3,3,2
7854,4,2,1
7855,4,0,1
7856,3,2,1
7857,2,3,2
7858,2,2,0
7859,4,4,4
7860,2,2,2
7861,2,4,3
7862,2,3,3
7863,0,0,0
7864,2,2,2
7865,0,0,0
7866,0,0,0
7867,0,0,0
7868,4,4,3
7869,4,0,2
7870,4,0,0
7871,0,0,0
7872,0,0,0
7873,4,4,3
7874,4,4,1
7875,2,3,1
7876,0,0,0
7877,1,0,0
7878,2,2,2
7879,0,0,0
7880,0,4,1
7881,4,0,2
7882,3,3,1
7883,2,2,2
7884,4,4,4
7885,4,4,3
7886,0,0,0
7887,3,3,2
7888,2,2,2
7889,0,2,0
7890,3,0,0
7891,0,2,0
7892,0,0,0
7893,3,2,2
7894,2,3,2
7895,0,0,0
7896,2,2,1
7897,1,1,0
7898,2,4,4
7899,4,4,3
7900,0,0,0
7901,2,2,0
7902,0,0,0
7903,0,2,1
7904,0,2,2
7905,0,0,0
7906,4,4,3
7907,4,4,2
7908,2,4,3
7909,4,4,3
7910,4,4,4
7911,3,4,3
7912,3,3,2
7913,2,2,0
7914,0,0,0
7915,4,4,4
7916,4,1,0
7917,3,2,2
7918,4,3,3
7919,2,0,0
7920,1,0,0
7921,4,4,4
7922,3,4,2
7923,0,2,2
7924,2,2,2
7925,4,3,3
7926,3,4,3
7927,3,0,0
7928,2,2,3
7929,4,2,2
7930,4,3,3
7931,4,4,4
7932,0,0,0
7933,0,0,0
7934,3,2,1
7935,2,0,0
7936,2,2,3
7937,4,4,4
7938,2,0,0
7939,4,4,4
7940,2,4,3
7941,3,4,3
7942,2,0,1
7943,4,4,3
7944,4,4,3
7945,4,4,4
7946,0,0,0
7947,4,4,3
7948,2,2,0
7949,0,0,0
7950,4,4,3
7951,0,0,0
7952,0,0,0
7953,4,4,4
7954,0,0,0
